"","Samples","class"
"701","SRR5103562.A01.htseq","SI.Stem"
"1182","GFPpos.C1.Singlet.4.G8.htseq","SI.TA.Cells"
"1183","SRR5102813.A01.htseq","SI.TA.Cells"
"1868","NJA00103.D09.htseq","Blood.Cells"
"702","SRR5102362.A01.htseq","SI.Stem"
"1184","SRR5102747.A01.htseq","SI.TA.Cells"
"1185","SRR5103063.A01.htseq","SI.TA.Cells"
"179","SRR5103590.A01.htseq","SI.Enterocyte.Progenitor"
"431","SRR5102513.A01.htseq","SI.Goblet"
"1186","SRR5102923.A01.htseq","SI.TA.Cells"
"1","SRR5103085.A01.htseq","SI.Early.Enterocyte"
"1767","SRR5103186.A01.htseq","SI.Tuft.Cells"
"1630","NJA00109.A05.htseq","C.Colonocytes"
"2","SRR5103184.A01.htseq","SI.Early.Enterocyte"
"703","SRR5103110.A01.htseq","SI.Stem"
"1631","GFPneg.C1.Singlet.4.D5.htseq","C.Colonocytes"
"1768","SRR5102900.A01.htseq","SI.Tuft.Cells"
"704","SRR5103393.A01.htseq","SI.Stem"
"180","SRR5103588.A01.htseq","SI.Enterocyte.Progenitor"
"3","NJA00102.H06.htseq","SI.Early.Enterocyte"
"1187","SRR5103426.A01.htseq","SI.TA.Cells"
"432","NJA00102.C01.htseq","SI.Goblet"
"181","SRR5103175.A01.htseq","SI.Enterocyte.Progenitor"
"1188","SRR5103846.A01.htseq","SI.TA.Cells"
"1699","NJA00109.A10.htseq","C.Stem"
"4","SRR5102378.A01.htseq","SI.Early.Enterocyte"
"1659","GFPpos.C1.Singlet.4.H7.htseq","C.Goblet"
"1189","SRR5102729.A01.htseq","SI.TA.Cells"
"1700","NJA00109.C02.htseq","C.Stem"
"433","SRR5102951.A01.htseq","SI.Goblet"
"705","SRR5102761.A01.htseq","SI.Stem"
"706","SRR5103763.A01.htseq","SI.Stem"
"1190","SRR5102728.A01.htseq","SI.TA.Cells"
"568","NJA00103.F05.htseq","SI.Late.Enterocyte"
"707","SRR5102073.A01.htseq","SI.Stem"
"182","SRR5103604.A01.htseq","SI.Enterocyte.Progenitor"
"183","SRR5103743.A01.htseq","SI.Enterocyte.Progenitor"
"5","SRR5103309.A01.htseq","SI.Early.Enterocyte"
"708","SRR5103561.A01.htseq","SI.Stem"
"709","SRR5102842.A01.htseq","SI.Stem"
"1191","SRR5102752.A01.htseq","SI.TA.Cells"
"434","SRR5102876.A01.htseq","SI.Goblet"
"1769","SRR5102868.A01.htseq","SI.Tuft.Cells"
"710","SRR5102664.A01.htseq","SI.Stem"
"184","SRR5103035.A01.htseq","SI.Enterocyte.Progenitor"
"185","SRR5103705.A01.htseq","SI.Enterocyte.Progenitor"
"711","SRR5103131.A01.htseq","SI.Stem"
"1701","NJA00109.A06.htseq","C.Stem"
"1192","NJA00103.A08.htseq","SI.TA.Cells"
"712","SRR5102565.A01.htseq","SI.Stem"
"1193","SRR5103000.A01.htseq","SI.TA.Cells"
"635","SRR5103367.A01.htseq","SI.Paneth"
"1194","SRR5103137.A01.htseq","SI.TA.Cells"
"6","SRR5103336.A01.htseq","SI.Early.Enterocyte"
"636","SRR5103672.A01.htseq","SI.Paneth"
"7","SRR5103695.A01.htseq","SI.Early.Enterocyte"
"1770","SRR5103355.A01.htseq","SI.Tuft.Cells"
"186","SRR5102991.A01.htseq","SI.Enterocyte.Progenitor"
"1195","SRR5103847.A01.htseq","SI.TA.Cells"
"187","SRR5103738.A01.htseq","SI.Enterocyte.Progenitor"
"713","SRR5102624.A01.htseq","SI.Stem"
"714","SRR5102617.A01.htseq","SI.Stem"
"1196","NJA00102.G03.htseq","SI.TA.Cells"
"1197","NJA00104.A02.htseq","SI.TA.Cells"
"715","SRR5103771.A01.htseq","SI.Stem"
"1771","SRR5103260.A01.htseq","SI.Tuft.Cells"
"1772","SRR5102917.A01.htseq","SI.Tuft.Cells"
"188","SRR5102662.A01.htseq","SI.Enterocyte.Progenitor"
"1198","SRR5103453.A01.htseq","SI.TA.Cells"
"189","SRR5103182.A01.htseq","SI.Enterocyte.Progenitor"
"190","SRR5103334.A01.htseq","SI.Enterocyte.Progenitor"
"8","SRR5103836.A01.htseq","SI.Early.Enterocyte"
"1199","SRR5103019.A01.htseq","SI.TA.Cells"
"1200","SRR5102611.A01.htseq","SI.TA.Cells"
"1702","GFPneg.C1.Singlet.4.G2.htseq","C.Stem"
"569","SRR5103744.A01.htseq","SI.Late.Enterocyte"
"716","SRR5102861.A01.htseq","SI.Stem"
"1773","SRR5103277.A01.htseq","SI.Tuft.Cells"
"717","SRR5102934.A01.htseq","SI.Stem"
"570","NJA00102.D07.htseq","SI.Late.Enterocyte"
"1201","SRR5102894.A01.htseq","SI.TA.Cells"
"571","NJA00102.F11.htseq","SI.Late.Enterocyte"
"9","SRR5101983.A01.htseq","SI.Early.Enterocyte"
"637","SRR5103660.A01.htseq","SI.Paneth"
"10","SRR5103787.A01.htseq","SI.Early.Enterocyte"
"1202","SRR5103056.A01.htseq","SI.TA.Cells"
"1774","SRR5103267.A01.htseq","SI.Tuft.Cells"
"191","SRR5103759.A01.htseq","SI.Enterocyte.Progenitor"
"718","SRR5103613.A01.htseq","SI.Stem"
"11","SRR5102380.A01.htseq","SI.Early.Enterocyte"
"638","SRR5103368.A01.htseq","SI.Paneth"
"1203","SRR5103798.A01.htseq","SI.TA.Cells"
"12","SRR5103725.A01.htseq","SI.Early.Enterocyte"
"1204","SRR5103150.A01.htseq","SI.TA.Cells"
"435","SRR5103307.A01.htseq","SI.Goblet"
"719","SRR5103540.A01.htseq","SI.Stem"
"13","SRR5102019.A01.htseq","SI.Early.Enterocyte"
"192","SRR5102502.A01.htseq","SI.Enterocyte.Progenitor"
"14","SRR5103148.A01.htseq","SI.Early.Enterocyte"
"436","SRR5102987.A01.htseq","SI.Goblet"
"15","SRR5102434.A01.htseq","SI.Early.Enterocyte"
"1205","SRR5103795.A01.htseq","SI.TA.Cells"
"193","SRR5102356.A01.htseq","SI.Enterocyte.Progenitor"
"1660","GFPpos.C1.Singlet.4.C9.htseq","C.Goblet"
"720","SRR5102606.A01.htseq","SI.Stem"
"721","SRR5103557.A01.htseq","SI.Stem"
"572","NJA00104.A12.htseq","SI.Late.Enterocyte"
"1206","SRR5103130.A01.htseq","SI.TA.Cells"
"1207","NJA00103.C02.htseq","SI.TA.Cells"
"16","SRR5103835.A01.htseq","SI.Early.Enterocyte"
"194","SRR5102521.A01.htseq","SI.Enterocyte.Progenitor"
"1208","SRR5103829.A01.htseq","SI.TA.Cells"
"639","SRR5103758.A01.htseq","SI.Paneth"
"437","SRR5103295.A01.htseq","SI.Goblet"
"722","NJA00102.B01.htseq","SI.Stem"
"195","SRR5103630.A01.htseq","SI.Enterocyte.Progenitor"
"196","SRR5103720.A01.htseq","SI.Enterocyte.Progenitor"
"723","SRR5102541.A01.htseq","SI.Stem"
"438","SRR5103305.A01.htseq","SI.Goblet"
"439","SRR5102014.A01.htseq","SI.Goblet"
"440","SRR5103486.A01.htseq","SI.Goblet"
"1209","SRR5102141.A01.htseq","SI.TA.Cells"
"1210","SRR5102818.A01.htseq","SI.TA.Cells"
"724","SRR5102687.A01.htseq","SI.Stem"
"725","SRR5103413.A01.htseq","SI.Stem"
"726","SRR5102570.A01.htseq","SI.Stem"
"197","SRR5102633.A01.htseq","SI.Enterocyte.Progenitor"
"198","SRR5102503.A01.htseq","SI.Enterocyte.Progenitor"
"727","SRR5102548.A01.htseq","SI.Stem"
"728","SRR5102538.A01.htseq","SI.Stem"
"1211","NJA00104.H06.htseq","SI.TA.Cells"
"17","SRR5103237.A01.htseq","SI.Early.Enterocyte"
"729","SRR5102888.A01.htseq","SI.Stem"
"730","SRR5102735.A01.htseq","SI.Stem"
"1212","SRR5102439.A01.htseq","SI.TA.Cells"
"1213","SRR5102833.A01.htseq","SI.TA.Cells"
"731","SRR5102556.A01.htseq","SI.Stem"
"1214","SRR5102514.A01.htseq","SI.TA.Cells"
"199","SRR5103014.A01.htseq","SI.Enterocyte.Progenitor"
"1215","SRR5102056.A01.htseq","SI.TA.Cells"
"1775","SRR5102912.A01.htseq","SI.Tuft.Cells"
"18","SRR5103489.A01.htseq","SI.Early.Enterocyte"
"732","SRR5103384.A01.htseq","SI.Stem"
"733","SRR5103405.A01.htseq","SI.Stem"
"200","SRR5102978.A01.htseq","SI.Enterocyte.Progenitor"
"1776","SRR5102441.A01.htseq","SI.Tuft.Cells"
"1703","NJA00109.F10.htseq","C.Stem"
"734","SRR5102599.A01.htseq","SI.Stem"
"1216","SRR5103810.A01.htseq","SI.TA.Cells"
"640","SRR5102781.A01.htseq","SI.Paneth"
"1217","NJA00103.D10.htseq","SI.TA.Cells"
"641","SRR5103126.A01.htseq","SI.Paneth"
"201","SRR5102407.A01.htseq","SI.Enterocyte.Progenitor"
"1632","GFPpos.C1.Singlet.4.G10.htseq","C.Colonocytes"
"573","NJA00102.C11.htseq","SI.Late.Enterocyte"
"441","SRR5103154.A01.htseq","SI.Goblet"
"735","SRR5102594.A01.htseq","SI.Stem"
"1869","GFPneg.SI1.Singlet.2.C3.htseq","Blood.Cells"
"19","SRR5103806.A01.htseq","SI.Early.Enterocyte"
"736","SRR5103406.A01.htseq","SI.Stem"
"737","SRR5102638.A01.htseq","SI.Stem"
"1218","NJA00104.H09.htseq","SI.TA.Cells"
"20","SRR5103340.A01.htseq","SI.Early.Enterocyte"
"202","GFPneg.SI1.Singlet.2.D3.htseq","SI.Enterocyte.Progenitor"
"203","SRR5103236.A01.htseq","SI.Enterocyte.Progenitor"
"738","SRR5103537.A01.htseq","SI.Stem"
"1704","GFPneg.C1.Singlet.4.F3.htseq","C.Stem"
"204","SRR5103300.A01.htseq","SI.Enterocyte.Progenitor"
"739","SRR5103046.A01.htseq","SI.Stem"
"442","SRR5102609.A01.htseq","SI.Goblet"
"574","NJA00103.G07.htseq","SI.Late.Enterocyte"
"740","SRR5102462.A01.htseq","SI.Stem"
"1219","SRR5103129.A01.htseq","SI.TA.Cells"
"1220","SRR5102937.A01.htseq","SI.TA.Cells"
"741","SRR5102967.A01.htseq","SI.Stem"
"205","SRR5103729.A01.htseq","SI.Enterocyte.Progenitor"
"206","SRR5102468.A01.htseq","SI.Enterocyte.Progenitor"
"443","SRR5103602.A01.htseq","SI.Goblet"
"1221","SRR5102677.A01.htseq","SI.TA.Cells"
"742","SRR5102580.A01.htseq","SI.Stem"
"575","NJA00103.E07.htseq","SI.Late.Enterocyte"
"743","SRR5102695.A01.htseq","SI.Stem"
"444","SRR5102767.A01.htseq","SI.Goblet"
"1222","SRR5102079.A01.htseq","SI.TA.Cells"
"401","SRR5102402.A01.htseq","SI.Enteroendocrine"
"21","GFPneg.SI1.Singlet.2.A3.htseq","SI.Early.Enterocyte"
"1223","SRR5102776.A01.htseq","SI.TA.Cells"
"744","SRR5102543.A01.htseq","SI.Stem"
"1224","SRR5102406.A01.htseq","SI.TA.Cells"
"1225","NJA00103.B01.htseq","SI.TA.Cells"
"745","SRR5102837.A01.htseq","SI.Stem"
"445","SRR5102484.A01.htseq","SI.Goblet"
"446","SRR5103751.A01.htseq","SI.Goblet"
"1661","NJA00109.H06.htseq","C.Goblet"
"642","SRR5103676.A01.htseq","SI.Paneth"
"207","SRR5103193.A01.htseq","SI.Enterocyte.Progenitor"
"1226","SRR5102973.A01.htseq","SI.TA.Cells"
"1227","SRR5102135.A01.htseq","SI.TA.Cells"
"447","SRR5103518.A01.htseq","SI.Goblet"
"746","SRR5102144.A01.htseq","SI.Stem"
"448","SRR5102645.A01.htseq","SI.Goblet"
"747","SRR5103605.A01.htseq","SI.Stem"
"1705","NJA00109.B08.htseq","C.Stem"
"22","SRR5102505.A01.htseq","SI.Early.Enterocyte"
"1228","NJA00102.A07.htseq","SI.TA.Cells"
"1229","SRR5103036.A01.htseq","SI.TA.Cells"
"576","NJA00102.E05.htseq","SI.Late.Enterocyte"
"643","SRR5103264.A01.htseq","SI.Paneth"
"449","SRR5102961.A01.htseq","SI.Goblet"
"748","SRR5102563.A01.htseq","SI.Stem"
"1230","SRR5102764.A01.htseq","SI.TA.Cells"
"23","SRR5102436.A01.htseq","SI.Early.Enterocyte"
"749","SRR5103096.A01.htseq","SI.Stem"
"208","SRR5103583.A01.htseq","SI.Enterocyte.Progenitor"
"750","SRR5102874.A01.htseq","SI.Stem"
"751","NJA00104.B04.htseq","SI.Stem"
"450","SRR5102654.A01.htseq","SI.Goblet"
"752","SRR5102559.A01.htseq","SI.Stem"
"753","SRR5103212.A01.htseq","SI.Stem"
"1662","GFPneg.C1.Singlet.4.C6.htseq","C.Goblet"
"1777","SRR5103456.A01.htseq","SI.Tuft.Cells"
"754","SRR5102831.A01.htseq","SI.Stem"
"1231","SRR5102622.A01.htseq","SI.TA.Cells"
"755","SRR5103190.A01.htseq","SI.Stem"
"756","SRR5102576.A01.htseq","SI.Stem"
"209","SRR5103074.A01.htseq","SI.Enterocyte.Progenitor"
"210","SRR5102995.A01.htseq","SI.Enterocyte.Progenitor"
"757","SRR5103559.A01.htseq","SI.Stem"
"644","SRR5102849.A01.htseq","SI.Paneth"
"758","SRR5102852.A01.htseq","SI.Stem"
"1232","SRR5103439.A01.htseq","SI.TA.Cells"
"759","SRR5102699.A01.htseq","SI.Stem"
"24","SRR5103243.A01.htseq","SI.Early.Enterocyte"
"760","SRR5102834.A01.htseq","SI.Stem"
"1233","NJA00103.C10.htseq","SI.TA.Cells"
"1234","SRR5103611.A01.htseq","SI.TA.Cells"
"25","SRR5103244.A01.htseq","SI.Early.Enterocyte"
"1235","SRR5103446.A01.htseq","SI.TA.Cells"
"451","SRR5103407.A01.htseq","SI.Goblet"
"211","SRR5103632.A01.htseq","SI.Enterocyte.Progenitor"
"1870","GFPneg.SI1.Singlet.2.C5.htseq","Blood.Cells"
"761","SRR5103377.A01.htseq","SI.Stem"
"762","SRR5102825.A01.htseq","SI.Stem"
"26","SRR5102993.A01.htseq","SI.Early.Enterocyte"
"1778","SRR5103455.A01.htseq","SI.Tuft.Cells"
"645","SRR5103231.A01.htseq","SI.Paneth"
"27","SRR5102515.A01.htseq","SI.Early.Enterocyte"
"763","SRR5103101.A01.htseq","SI.Stem"
"28","SRR5103500.A01.htseq","SI.Early.Enterocyte"
"1236","NJA00103.C03.htseq","SI.TA.Cells"
"1237","SRR5103532.A01.htseq","SI.TA.Cells"
"1706","NJA00109.G11.htseq","C.Stem"
"764","SRR5102736.A01.htseq","SI.Stem"
"29","GFPneg.SI1.Singlet.2.C10.htseq","SI.Early.Enterocyte"
"212","SRR5103580.A01.htseq","SI.Enterocyte.Progenitor"
"1707","GFPneg.C1.Singlet.4.B3.htseq","C.Stem"
"452","SRR5103682.A01.htseq","SI.Goblet"
"30","SRR5102501.A01.htseq","SI.Early.Enterocyte"
"213","SRR5102474.A01.htseq","SI.Enterocyte.Progenitor"
"1238","SRR5103214.A01.htseq","SI.TA.Cells"
"402","NJA00104.A09.htseq","SI.Enteroendocrine"
"453","SRR5102520.A01.htseq","SI.Goblet"
"1239","SRR5102984.A01.htseq","SI.TA.Cells"
"214","SRR5102375.A01.htseq","SI.Enterocyte.Progenitor"
"1240","SRR5103045.A01.htseq","SI.TA.Cells"
"1779","NJA00104.C03.htseq","SI.Tuft.Cells"
"765","SRR5102593.A01.htseq","SI.Stem"
"31","SRR5102632.A01.htseq","SI.Early.Enterocyte"
"215","SRR5102524.A01.htseq","SI.Enterocyte.Progenitor"
"454","SRR5102516.A01.htseq","SI.Goblet"
"455","SRR5102819.A01.htseq","SI.Goblet"
"766","SRR5103065.A01.htseq","SI.Stem"
"1241","SRR5102690.A01.htseq","SI.TA.Cells"
"1242","SRR5102390.A01.htseq","SI.TA.Cells"
"767","SRR5103449.A01.htseq","SI.Stem"
"1780","SRR5103266.A01.htseq","SI.Tuft.Cells"
"577","SRR5103837.A01.htseq","SI.Late.Enterocyte"
"456","SRR5103783.A01.htseq","SI.Goblet"
"216","SRR5103242.A01.htseq","SI.Enterocyte.Progenitor"
"768","NJA00104.F04.htseq","SI.Stem"
"1243","GFPneg.SI1.Singlet.2.F4.htseq","SI.TA.Cells"
"769","SRR5102794.A01.htseq","SI.Stem"
"1244","SRR5103071.A01.htseq","SI.TA.Cells"
"1663","NJA00109.C04.htseq","C.Goblet"
"770","SRR5102670.A01.htseq","SI.Stem"
"1781","SRR5102904.A01.htseq","SI.Tuft.Cells"
"32","SRR5103166.A01.htseq","SI.Early.Enterocyte"
"217","SRR5102812.A01.htseq","SI.Enterocyte.Progenitor"
"218","SRR5103298.A01.htseq","SI.Enterocyte.Progenitor"
"771","SRR5103410.A01.htseq","SI.Stem"
"1245","SRR5102814.A01.htseq","SI.TA.Cells"
"1246","SRR5102636.A01.htseq","SI.TA.Cells"
"772","SRR5102800.A01.htseq","SI.Stem"
"1782","SRR5102915.A01.htseq","SI.Tuft.Cells"
"1708","GFPneg.C1.Singlet.4.B2.htseq","C.Stem"
"33","SRR5103575.A01.htseq","SI.Early.Enterocyte"
"219","SRR5102674.A01.htseq","SI.Enterocyte.Progenitor"
"1633","NJA00109.F02.htseq","C.Colonocytes"
"773","SRR5103081.A01.htseq","SI.Stem"
"34","SRR5103849.A01.htseq","SI.Early.Enterocyte"
"403","SRR5102147.A01.htseq","SI.Enteroendocrine"
"220","NJA00103.E03.htseq","SI.Enterocyte.Progenitor"
"1247","SRR5102755.A01.htseq","SI.TA.Cells"
"578","GFPneg.SI1.Singlet.2.E7.htseq","SI.Late.Enterocyte"
"1248","SRR5103596.A01.htseq","SI.TA.Cells"
"579","GFPneg.SI1.Singlet.2.C12.htseq","SI.Late.Enterocyte"
"1664","NJA00109.C03.htseq","C.Goblet"
"774","SRR5103401.A01.htseq","SI.Stem"
"580","SRR5102357.A01.htseq","SI.Late.Enterocyte"
"775","SRR5102600.A01.htseq","SI.Stem"
"1249","SRR5102976.A01.htseq","SI.TA.Cells"
"776","SRR5102691.A01.htseq","SI.Stem"
"1250","SRR5102839.A01.htseq","SI.TA.Cells"
"1251","SRR5103053.A01.htseq","SI.TA.Cells"
"457","SRR5103623.A01.htseq","SI.Goblet"
"777","SRR5103815.A01.htseq","SI.Stem"
"646","SRR5103173.A01.htseq","SI.Paneth"
"778","SRR5102589.A01.htseq","SI.Stem"
"1252","NJA00103.D05.htseq","SI.TA.Cells"
"1783","SRR5103262.A01.htseq","SI.Tuft.Cells"
"1253","SRR5103463.A01.htseq","SI.TA.Cells"
"221","SRR5102344.A01.htseq","SI.Enterocyte.Progenitor"
"1665","NJA00109.F08.htseq","C.Goblet"
"779","SRR5103533.A01.htseq","SI.Stem"
"780","NJA00104.F05.htseq","SI.Stem"
"1784","SRR5103471.A01.htseq","SI.Tuft.Cells"
"1785","SRR5103472.A01.htseq","SI.Tuft.Cells"
"781","SRR5102590.A01.htseq","SI.Stem"
"782","SRR5103531.A01.htseq","SI.Stem"
"35","SRR5102445.A01.htseq","SI.Early.Enterocyte"
"1254","SRR5102467.A01.htseq","SI.TA.Cells"
"1255","SRR5103232.A01.htseq","SI.TA.Cells"
"1256","SRR5103223.A01.htseq","SI.TA.Cells"
"1786","SRR5102921.A01.htseq","SI.Tuft.Cells"
"222","SRR5102397.A01.htseq","SI.Enterocyte.Progenitor"
"36","SRR5103735.A01.htseq","SI.Early.Enterocyte"
"1257","SRR5102751.A01.htseq","SI.TA.Cells"
"783","SRR5102500.A01.htseq","SI.Stem"
"223","NJA00102.D04.htseq","SI.Enterocyte.Progenitor"
"784","SRR5102683.A01.htseq","SI.Stem"
"37","SRR5102422.A01.htseq","SI.Early.Enterocyte"
"785","SRR5102473.A01.htseq","SI.Stem"
"1787","SRR5102877.A01.htseq","SI.Tuft.Cells"
"786","SRR5102650.A01.htseq","SI.Stem"
"1709","GFPneg.C1.Singlet.4.F4.htseq","C.Stem"
"1258","SRR5102828.A01.htseq","SI.TA.Cells"
"787","SRR5102742.A01.htseq","SI.Stem"
"1259","NJA00103.H07.htseq","SI.TA.Cells"
"1260","SRR5102346.A01.htseq","SI.TA.Cells"
"38","SRR5102082.A01.htseq","SI.Early.Enterocyte"
"1261","GFPneg.SI1.Singlet.2.D1.htseq","SI.TA.Cells"
"224","SRR5102363.A01.htseq","SI.Enterocyte.Progenitor"
"225","SRR5102028.A01.htseq","SI.Enterocyte.Progenitor"
"458","SRR5103278.A01.htseq","SI.Goblet"
"1262","SRR5103438.A01.htseq","SI.TA.Cells"
"226","SRR5101959.A01.htseq","SI.Enterocyte.Progenitor"
"227","SRR5101984.A01.htseq","SI.Enterocyte.Progenitor"
"788","SRR5101971.A01.htseq","SI.Stem"
"789","SRR5103428.A01.htseq","SI.Stem"
"647","SRR5103658.A01.htseq","SI.Paneth"
"1263","NJA00103.E06.htseq","SI.TA.Cells"
"228","SRR5102631.A01.htseq","SI.Enterocyte.Progenitor"
"1264","SRR5103834.A01.htseq","SI.TA.Cells"
"1871","GFPpos.C1.Singlet.4.E10.htseq","Blood.Cells"
"790","SRR5103066.A01.htseq","SI.Stem"
"1788","SRR5102911.A01.htseq","SI.Tuft.Cells"
"791","SRR5102682.A01.htseq","SI.Stem"
"229","SRR5102525.A01.htseq","SI.Enterocyte.Progenitor"
"39","SRR5102411.A01.htseq","SI.Early.Enterocyte"
"792","SRR5103114.A01.htseq","SI.Stem"
"459","SRR5103709.A01.htseq","SI.Goblet"
"793","SRR5103167.A01.htseq","SI.Stem"
"40","NJA00104.B11.htseq","SI.Early.Enterocyte"
"794","SRR5102592.A01.htseq","SI.Stem"
"795","SRR5102132.A01.htseq","SI.Stem"
"1666","NJA00109.G02.htseq","C.Goblet"
"1789","SRR5103191.A01.htseq","SI.Tuft.Cells"
"796","SRR5102561.A01.htseq","SI.Stem"
"1265","SRR5102673.A01.htseq","SI.TA.Cells"
"1266","SRR5103030.A01.htseq","SI.TA.Cells"
"1267","NJA00103.G05.htseq","SI.TA.Cells"
"797","SRR5102768.A01.htseq","SI.Stem"
"798","SRR5102864.A01.htseq","SI.Stem"
"799","SRR5103076.A01.htseq","SI.Stem"
"1710","GFPneg.C1.Singlet.4.E4.htseq","C.Stem"
"800","SRR5103125.A01.htseq","SI.Stem"
"1268","SRR5102564.A01.htseq","SI.TA.Cells"
"801","SRR5103136.A01.htseq","SI.Stem"
"1711","GFPneg.C1.Singlet.4.G6.htseq","C.Stem"
"1269","SRR5102557.A01.htseq","SI.TA.Cells"
"1270","NJA00103.F11.htseq","SI.TA.Cells"
"802","SRR5103122.A01.htseq","SI.Stem"
"803","SRR5103008.A01.htseq","SI.Stem"
"404","NJA00109.B02.htseq","SI.Enteroendocrine"
"581","SRR5102431.A01.htseq","SI.Late.Enterocyte"
"1271","SRR5103644.A01.htseq","SI.TA.Cells"
"41","SRR5102420.A01.htseq","SI.Early.Enterocyte"
"230","SRR5102795.A01.htseq","SI.Enterocyte.Progenitor"
"648","SRR5103169.A01.htseq","SI.Paneth"
"460","SRR5103170.A01.htseq","SI.Goblet"
"804","SRR5103149.A01.htseq","SI.Stem"
"1272","SRR5103860.A01.htseq","SI.TA.Cells"
"1273","SRR5103700.A01.htseq","SI.TA.Cells"
"805","SRR5102546.A01.htseq","SI.Stem"
"806","SRR5103424.A01.htseq","SI.Stem"
"1274","SRR5103516.A01.htseq","SI.TA.Cells"
"1275","SRR5103158.A01.htseq","SI.TA.Cells"
"807","SRR5103088.A01.htseq","SI.Stem"
"808","SRR5102161.A01.htseq","SI.Stem"
"582","SRR5102477.A01.htseq","SI.Late.Enterocyte"
"809","SRR5102542.A01.htseq","SI.Stem"
"810","SRR5102360.A01.htseq","SI.Stem"
"231","SRR5103794.A01.htseq","SI.Enterocyte.Progenitor"
"583","SRR5102097.A01.htseq","SI.Late.Enterocyte"
"1790","SRR5102899.A01.htseq","SI.Tuft.Cells"
"811","NJA00104.E05.htseq","SI.Stem"
"1276","SRR5102613.A01.htseq","SI.TA.Cells"
"405","SRR5102835.A01.htseq","SI.Enteroendocrine"
"461","GFPneg.C1.Singlet.4.C3.htseq","SI.Goblet"
"232","SRR5103804.A01.htseq","SI.Enterocyte.Progenitor"
"812","SRR5103090.A01.htseq","SI.Stem"
"462","SRR5103224.A01.htseq","SI.Goblet"
"1277","SRR5103755.A01.htseq","SI.TA.Cells"
"813","SRR5102343.A01.htseq","SI.Stem"
"1278","SRR5102450.A01.htseq","SI.TA.Cells"
"1667","NJA00109.E10.htseq","C.Goblet"
"814","NJA00104.F02.htseq","SI.Stem"
"815","SRR5102022.A01.htseq","SI.Stem"
"816","SRR5102165.A01.htseq","SI.Stem"
"649","SRR5103679.A01.htseq","SI.Paneth"
"1279","SRR5102933.A01.htseq","SI.TA.Cells"
"233","SRR5103629.A01.htseq","SI.Enterocyte.Progenitor"
"234","SRR5102432.A01.htseq","SI.Enterocyte.Progenitor"
"650","SRR5103680.A01.htseq","SI.Paneth"
"235","SRR5102095.A01.htseq","SI.Enterocyte.Progenitor"
"1791","SRR5102063.A01.htseq","SI.Tuft.Cells"
"817","SRR5102739.A01.htseq","SI.Stem"
"584","SRR5101992.A01.htseq","SI.Late.Enterocyte"
"818","SRR5102948.A01.htseq","SI.Stem"
"42","SRR5102409.A01.htseq","SI.Early.Enterocyte"
"406","GFPneg.SI1.Singlet.2.F7.htseq","SI.Enteroendocrine"
"1712","GFPneg.C1.Singlet.4.F5.htseq","C.Stem"
"1792","SRR5102449.A01.htseq","SI.Tuft.Cells"
"236","SRR5103115.A01.htseq","SI.Enterocyte.Progenitor"
"1793","SRR5103265.A01.htseq","SI.Tuft.Cells"
"237","SRR5103782.A01.htseq","SI.Enterocyte.Progenitor"
"1713","GFPpos.C1.Singlet.4.D9.htseq","C.Stem"
"43","SRR5103333.A01.htseq","SI.Early.Enterocyte"
"44","SRR5102044.A01.htseq","SI.Early.Enterocyte"
"238","SRR5102151.A01.htseq","SI.Enterocyte.Progenitor"
"463","SRR5102785.A01.htseq","SI.Goblet"
"819","NJA00104.E07.htseq","SI.Stem"
"1668","GFPneg.C1.Singlet.4.G1.htseq","C.Goblet"
"820","SRR5103429.A01.htseq","SI.Stem"
"1280","SRR5102856.A01.htseq","SI.TA.Cells"
"1281","NJA00103.G04.htseq","SI.TA.Cells"
"464","NJA00102.E11.htseq","SI.Goblet"
"1714","GFPneg.C1.Singlet.4.F6.htseq","C.Stem"
"1715","GFPneg.C1.Singlet.4.A6.htseq","C.Stem"
"821","SRR5103551.A01.htseq","SI.Stem"
"822","SRR5103422.A01.htseq","SI.Stem"
"823","SRR5102618.A01.htseq","SI.Stem"
"45","SRR5102863.A01.htseq","SI.Early.Enterocyte"
"465","SRR5103699.A01.htseq","SI.Goblet"
"239","SRR5102466.A01.htseq","SI.Enterocyte.Progenitor"
"824","SRR5102579.A01.htseq","SI.Stem"
"1794","SRR5103283.A01.htseq","SI.Tuft.Cells"
"1795","SRR5103477.A01.htseq","SI.Tuft.Cells"
"825","SRR5103397.A01.htseq","SI.Stem"
"466","SRR5103618.A01.htseq","SI.Goblet"
"1282","NJA00104.A03.htseq","SI.TA.Cells"
"1283","SRR5103352.A01.htseq","SI.TA.Cells"
"1284","SRR5103187.A01.htseq","SI.TA.Cells"
"240","SRR5103591.A01.htseq","SI.Enterocyte.Progenitor"
"1285","SRR5103550.A01.htseq","SI.TA.Cells"
"826","SRR5103545.A01.htseq","SI.Stem"
"1286","SRR5103859.A01.htseq","SI.TA.Cells"
"407","SRR5103319.A01.htseq","SI.Enteroendocrine"
"827","SRR5102807.A01.htseq","SI.Stem"
"828","SRR5102684.A01.htseq","SI.Stem"
"467","SRR5102458.A01.htseq","SI.Goblet"
"829","SRR5102457.A01.htseq","SI.Stem"
"585","NJA00102.H01.htseq","SI.Late.Enterocyte"
"241","SRR5103566.A01.htseq","SI.Enterocyte.Progenitor"
"1872","NJA00109.H05.htseq","Blood.Cells"
"1634","NJA00109.E07.htseq","C.Colonocytes"
"46","SRR5103694.A01.htseq","SI.Early.Enterocyte"
"1796","SRR5103327.A01.htseq","SI.Tuft.Cells"
"830","SRR5102994.A01.htseq","SI.Stem"
"831","SRR5102555.A01.htseq","SI.Stem"
"1287","SRR5103178.A01.htseq","SI.TA.Cells"
"1669","NJA00109.C11.htseq","C.Goblet"
"1288","SRR5102118.A01.htseq","SI.TA.Cells"
"586","GFPneg.SI1.Singlet.2.A8.htseq","SI.Late.Enterocyte"
"242","SRR5103772.A01.htseq","SI.Enterocyte.Progenitor"
"587","NJA00103.F08.htseq","SI.Late.Enterocyte"
"1716","GFPpos.C1.Singlet.4.E11.htseq","C.Stem"
"832","SRR5103068.A01.htseq","SI.Stem"
"1289","SRR5103628.A01.htseq","SI.TA.Cells"
"833","SRR5102765.A01.htseq","SI.Stem"
"834","SRR5102726.A01.htseq","SI.Stem"
"468","SRR5103842.A01.htseq","SI.Goblet"
"47","SRR5103199.A01.htseq","SI.Early.Enterocyte"
"1670","NJA00109.C09.htseq","C.Goblet"
"651","SRR5103681.A01.htseq","SI.Paneth"
"1797","SRR5103457.A01.htseq","SI.Tuft.Cells"
"469","SRR5103809.A01.htseq","SI.Goblet"
"835","SRR5103423.A01.htseq","SI.Stem"
"470","SRR5102845.A01.htseq","SI.Goblet"
"836","SRR5103073.A01.htseq","SI.Stem"
"1290","GFPneg.SI1.Singlet.2.A11.htseq","SI.TA.Cells"
"1635","NJA00109.G04.htseq","C.Colonocytes"
"837","SRR5102881.A01.htseq","SI.Stem"
"1291","SRR5103571.A01.htseq","SI.TA.Cells"
"1292","SRR5102442.A01.htseq","SI.TA.Cells"
"838","SRR5102552.A01.htseq","SI.Stem"
"243","SRR5103323.A01.htseq","SI.Enterocyte.Progenitor"
"839","SRR5103443.A01.htseq","SI.Stem"
"1293","SRR5103385.A01.htseq","SI.TA.Cells"
"840","SRR5102610.A01.htseq","SI.Stem"
"471","SRR5103823.A01.htseq","SI.Goblet"
"1294","SRR5103753.A01.htseq","SI.TA.Cells"
"1295","SRR5102998.A01.htseq","SI.TA.Cells"
"841","SRR5102603.A01.htseq","SI.Stem"
"1798","SRR5103257.A01.htseq","SI.Tuft.Cells"
"1296","SRR5102708.A01.htseq","SI.TA.Cells"
"48","SRR5102981.A01.htseq","SI.Early.Enterocyte"
"408","SRR5102518.A01.htseq","SI.Enteroendocrine"
"472","SRR5103254.A01.htseq","SI.Goblet"
"1297","SRR5103302.A01.htseq","SI.TA.Cells"
"1671","NJA00104.H10.htseq","C.Goblet"
"842","SRR5102945.A01.htseq","SI.Stem"
"49","SRR5101961.A01.htseq","SI.Early.Enterocyte"
"843","SRR5102504.A01.htseq","SI.Stem"
"844","SRR5103399.A01.htseq","SI.Stem"
"473","SRR5103620.A01.htseq","SI.Goblet"
"1298","SRR5103195.A01.htseq","SI.TA.Cells"
"1299","SRR5103792.A01.htseq","SI.TA.Cells"
"244","SRR5102796.A01.htseq","SI.Enterocyte.Progenitor"
"50","SRR5103306.A01.htseq","SI.Early.Enterocyte"
"588","SRR5102037.A01.htseq","SI.Late.Enterocyte"
"409","NJA00104.A01.htseq","SI.Enteroendocrine"
"845","SRR5103704.A01.htseq","SI.Stem"
"245","SRR5103642.A01.htseq","SI.Enterocyte.Progenitor"
"846","SRR5103764.A01.htseq","SI.Stem"
"1300","SRR5103001.A01.htseq","SI.TA.Cells"
"246","SRR5103805.A01.htseq","SI.Enterocyte.Progenitor"
"474","NJA00104.D11.htseq","SI.Goblet"
"51","SRR5103721.A01.htseq","SI.Early.Enterocyte"
"1301","SRR5102145.A01.htseq","SI.TA.Cells"
"1302","SRR5102087.A01.htseq","SI.TA.Cells"
"847","SRR5103830.A01.htseq","SI.Stem"
"848","SRR5102456.A01.htseq","SI.Stem"
"652","SRR5103357.A01.htseq","SI.Paneth"
"1303","SRR5103041.A01.htseq","SI.TA.Cells"
"1304","SRR5102806.A01.htseq","SI.TA.Cells"
"247","SRR5102359.A01.htseq","SI.Enterocyte.Progenitor"
"52","SRR5102887.A01.htseq","SI.Early.Enterocyte"
"248","SRR5102530.A01.htseq","SI.Enterocyte.Progenitor"
"475","SRR5103337.A01.htseq","SI.Goblet"
"1672","GFPpos.C1.Singlet.4.A12.htseq","C.Goblet"
"849","SRR5102577.A01.htseq","SI.Stem"
"53","SRR5103354.A01.htseq","SI.Early.Enterocyte"
"1305","SRR5102149.A01.htseq","SI.TA.Cells"
"1873","NJA00102.E03.htseq","Blood.Cells"
"249","SRR5102608.A01.htseq","SI.Enterocyte.Progenitor"
"1306","SRR5103209.A01.htseq","SI.TA.Cells"
"1874","NJA00109.B04.htseq","Blood.Cells"
"1307","NJA00103.B02.htseq","SI.TA.Cells"
"1875","GFPpos.C1.Singlet.4.D11.htseq","Blood.Cells"
"653","SRR5103365.A01.htseq","SI.Paneth"
"54","SRR5103498.A01.htseq","SI.Early.Enterocyte"
"55","SRR5103145.A01.htseq","SI.Early.Enterocyte"
"250","SRR5102068.A01.htseq","SI.Enterocyte.Progenitor"
"1876","NJA00109.G09.htseq","Blood.Cells"
"476","SRR5103495.A01.htseq","SI.Goblet"
"1717","NJA00109.D08.htseq","C.Stem"
"1308","SRR5103318.A01.htseq","SI.TA.Cells"
"654","SRR5103715.A01.htseq","SI.Paneth"
"850","SRR5102770.A01.htseq","SI.Stem"
"851","SRR5102389.A01.htseq","SI.Stem"
"1718","NJA00109.G08.htseq","C.Stem"
"1309","SRR5103058.A01.htseq","SI.TA.Cells"
"852","SRR5102730.A01.htseq","SI.Stem"
"1310","SRR5103142.A01.htseq","SI.TA.Cells"
"589","NJA00103.D08.htseq","SI.Late.Enterocyte"
"251","NJA00102.F10.htseq","SI.Enterocyte.Progenitor"
"1311","SRR5103374.A01.htseq","SI.TA.Cells"
"853","SRR5103554.A01.htseq","SI.Stem"
"1312","NJA00104.C09.htseq","SI.TA.Cells"
"252","SRR5103202.A01.htseq","SI.Enterocyte.Progenitor"
"1313","NJA00102.F03.htseq","SI.TA.Cells"
"854","SRR5102985.A01.htseq","SI.Stem"
"855","SRR5103797.A01.htseq","SI.Stem"
"253","SRR5102382.A01.htseq","SI.Enterocyte.Progenitor"
"856","SRR5102649.A01.htseq","SI.Stem"
"857","SRR5103049.A01.htseq","SI.Stem"
"1799","SRR5102905.A01.htseq","SI.Tuft.Cells"
"858","SRR5103383.A01.htseq","SI.Stem"
"859","SRR5102582.A01.htseq","SI.Stem"
"1314","SRR5103626.A01.htseq","SI.TA.Cells"
"254","SRR5103587.A01.htseq","SI.Enterocyte.Progenitor"
"860","SRR5102808.A01.htseq","SI.Stem"
"861","SRR5103341.A01.htseq","SI.Stem"
"862","SRR5102598.A01.htseq","SI.Stem"
"1315","NJA00104.F01.htseq","SI.TA.Cells"
"1316","SRR5102722.A01.htseq","SI.TA.Cells"
"1317","SRR5102990.A01.htseq","SI.TA.Cells"
"410","SRR5102658.A01.htseq","SI.Enteroendocrine"
"477","SRR5103843.A01.htseq","SI.Goblet"
"590","GFPneg.SI1.Singlet.2.F1.htseq","SI.Late.Enterocyte"
"591","NJA00103.A07.htseq","SI.Late.Enterocyte"
"1719","NJA00109.E09.htseq","C.Stem"
"478","SRR5102982.A01.htseq","SI.Goblet"
"56","SRR5103322.A01.htseq","SI.Early.Enterocyte"
"592","SRR5102342.A01.htseq","SI.Late.Enterocyte"
"863","SRR5103080.A01.htseq","SI.Stem"
"864","SRR5102583.A01.htseq","SI.Stem"
"655","SRR5103370.A01.htseq","SI.Paneth"
"656","SRR5103294.A01.htseq","SI.Paneth"
"1318","SRR5102574.A01.htseq","SI.TA.Cells"
"57","SRR5103116.A01.htseq","SI.Early.Enterocyte"
"479","SRR5102713.A01.htseq","SI.Goblet"
"255","SRR5102989.A01.htseq","SI.Enterocyte.Progenitor"
"256","SRR5103649.A01.htseq","SI.Enterocyte.Progenitor"
"1319","SRR5103263.A01.htseq","SI.TA.Cells"
"480","SRR5103270.A01.htseq","SI.Goblet"
"1720","GFPneg.C1.Singlet.4.A3.htseq","C.Stem"
"593","NJA00102.D11.htseq","SI.Late.Enterocyte"
"481","SRR5103634.A01.htseq","SI.Goblet"
"1800","SRR5102163.A01.htseq","SI.Tuft.Cells"
"1673","GFPpos.C1.Singlet.4.A7.htseq","C.Goblet"
"1320","SRR5102738.A01.htseq","SI.TA.Cells"
"482","SRR5102655.A01.htseq","SI.Goblet"
"1321","SRR5103124.A01.htseq","SI.TA.Cells"
"865","SRR5103251.A01.htseq","SI.Stem"
"1322","SRR5102529.A01.htseq","SI.TA.Cells"
"1323","SRR5103521.A01.htseq","SI.TA.Cells"
"1324","GFPneg.SI1.Singlet.2.F9.htseq","SI.TA.Cells"
"1721","GFPneg.C1.Singlet.4.B5.htseq","C.Stem"
"1325","SRR5102754.A01.htseq","SI.TA.Cells"
"1722","GFPpos.C1.Singlet.4.F10.htseq","C.Stem"
"866","NJA00104.D06.htseq","SI.Stem"
"1326","NJA00103.G10.htseq","SI.TA.Cells"
"1327","SRR5102482.A01.htseq","SI.TA.Cells"
"257","SRR5102120.A01.htseq","SI.Enterocyte.Progenitor"
"657","SRR5103673.A01.htseq","SI.Paneth"
"1328","SRR5103609.A01.htseq","SI.TA.Cells"
"483","SRR5103176.A01.htseq","SI.Goblet"
"1329","SRR5102783.A01.htseq","SI.TA.Cells"
"258","SRR5103585.A01.htseq","SI.Enterocyte.Progenitor"
"58","SRR5103740.A01.htseq","SI.Early.Enterocyte"
"1330","NJA00103.F01.htseq","SI.TA.Cells"
"59","SRR5103563.A01.htseq","SI.Early.Enterocyte"
"867","SRR5103507.A01.htseq","SI.Stem"
"868","NJA00104.G04.htseq","SI.Stem"
"60","SRR5101998.A01.htseq","SI.Early.Enterocyte"
"869","SRR5103793.A01.htseq","SI.Stem"
"1331","SRR5102347.A01.htseq","SI.TA.Cells"
"1723","NJA00109.A04.htseq","C.Stem"
"1332","GFPneg.SI1.Singlet.2.G9.htseq","SI.TA.Cells"
"870","SRR5103010.A01.htseq","SI.Stem"
"1333","NJA00103.G06.htseq","SI.TA.Cells"
"259","SRR5103510.A01.htseq","SI.Enterocyte.Progenitor"
"61","SRR5103487.A01.htseq","SI.Early.Enterocyte"
"1334","SRR5103331.A01.htseq","SI.TA.Cells"
"658","SRR5103661.A01.htseq","SI.Paneth"
"62","SRR5103752.A01.htseq","SI.Early.Enterocyte"
"659","SRR5103359.A01.htseq","SI.Paneth"
"260","SRR5102492.A01.htseq","SI.Enterocyte.Progenitor"
"594","NJA00103.E08.htseq","SI.Late.Enterocyte"
"484","SRR5103430.A01.htseq","SI.Goblet"
"871","SRR5102689.A01.htseq","SI.Stem"
"1335","SRR5103198.A01.htseq","SI.TA.Cells"
"261","SRR5103311.A01.htseq","SI.Enterocyte.Progenitor"
"1336","SRR5103087.A01.htseq","SI.TA.Cells"
"660","SRR5103656.A01.htseq","SI.Paneth"
"1801","SRR5102903.A01.htseq","SI.Tuft.Cells"
"1802","SRR5103255.A01.htseq","SI.Tuft.Cells"
"1337","SRR5103015.A01.htseq","SI.TA.Cells"
"1338","SRR5102660.A01.htseq","SI.TA.Cells"
"63","SRR5102364.A01.htseq","SI.Early.Enterocyte"
"1803","SRR5103284.A01.htseq","SI.Tuft.Cells"
"872","SRR5103057.A01.htseq","SI.Stem"
"1339","SRR5103530.A01.htseq","SI.TA.Cells"
"64","SRR5103348.A01.htseq","SI.Early.Enterocyte"
"1340","SRR5103803.A01.htseq","SI.TA.Cells"
"873","SRR5103042.A01.htseq","SI.Stem"
"874","SRR5102954.A01.htseq","SI.Stem"
"875","SRR5103555.A01.htseq","SI.Stem"
"1724","SRR5102536.A01.htseq","C.Stem"
"65","SRR5103210.A01.htseq","SI.Early.Enterocyte"
"1341","SRR5102426.A01.htseq","SI.TA.Cells"
"595","SRR5103749.A01.htseq","SI.Late.Enterocyte"
"876","SRR5103061.A01.htseq","SI.Stem"
"1725","GFPneg.C1.Singlet.4.A2.htseq","C.Stem"
"877","SRR5102929.A01.htseq","SI.Stem"
"1342","NJA00102.H07.htseq","SI.TA.Cells"
"878","SRR5103664.A01.htseq","SI.Stem"
"1343","SRR5102663.A01.htseq","SI.TA.Cells"
"1726","NJA00109.B03.htseq","C.Stem"
"262","SRR5103002.A01.htseq","SI.Enterocyte.Progenitor"
"485","SRR5103215.A01.htseq","SI.Goblet"
"1344","SRR5102746.A01.htseq","SI.TA.Cells"
"1345","SRR5102646.A01.htseq","SI.TA.Cells"
"1346","NJA00102.A05.htseq","SI.TA.Cells"
"1804","SRR5103476.A01.htseq","SI.Tuft.Cells"
"879","SRR5102757.A01.htseq","SI.Stem"
"880","SRR5102373.A01.htseq","SI.Stem"
"881","SRR5102693.A01.htseq","SI.Stem"
"1347","SRR5103522.A01.htseq","SI.TA.Cells"
"882","SRR5102659.A01.htseq","SI.Stem"
"66","SRR5103692.A01.htseq","SI.Early.Enterocyte"
"883","SRR5103558.A01.htseq","SI.Stem"
"1727","GFPneg.C1.Singlet.4.D1.htseq","C.Stem"
"1348","SRR5103083.A01.htseq","SI.TA.Cells"
"263","SRR5103861.A01.htseq","SI.Enterocyte.Progenitor"
"1728","NJA00109.E02.htseq","C.Stem"
"1349","SRR5102850.A01.htseq","SI.TA.Cells"
"1350","SRR5102893.A01.htseq","SI.TA.Cells"
"264","SRR5103816.A01.htseq","SI.Enterocyte.Progenitor"
"1351","NJA00103.A05.htseq","SI.TA.Cells"
"67","SRR5102485.A01.htseq","SI.Early.Enterocyte"
"884","SRR5103409.A01.htseq","SI.Stem"
"265","SRR5103854.A01.htseq","SI.Enterocyte.Progenitor"
"1729","GFPpos.C1.Singlet.4.A10.htseq","C.Stem"
"1352","SRR5103807.A01.htseq","SI.TA.Cells"
"1353","SRR5103818.A01.htseq","SI.TA.Cells"
"661","SRR5103360.A01.htseq","SI.Paneth"
"885","SRR5102551.A01.htseq","SI.Stem"
"68","SRR5103776.A01.htseq","SI.Early.Enterocyte"
"886","NJA00103.C11.htseq","SI.Stem"
"1354","SRR5102706.A01.htseq","SI.TA.Cells"
"486","SRR5102980.A01.htseq","SI.Goblet"
"887","SRR5102350.A01.htseq","SI.Stem"
"1355","SRR5103639.A01.htseq","SI.TA.Cells"
"888","SRR5103020.A01.htseq","SI.Stem"
"1356","SRR5103621.A01.htseq","SI.TA.Cells"
"1805","SRR5103206.A01.htseq","SI.Tuft.Cells"
"266","SRR5103025.A01.htseq","SI.Enterocyte.Progenitor"
"889","SRR5102522.A01.htseq","SI.Stem"
"890","SRR5102417.A01.htseq","SI.Stem"
"487","SRR5102679.A01.htseq","SI.Goblet"
"1877","GFPneg.SI1.Singlet.2.F6.htseq","Blood.Cells"
"488","SRR5103616.A01.htseq","SI.Goblet"
"1730","GFPpos.C1.Singlet.4.A11.htseq","C.Stem"
"891","SRR5103070.A01.htseq","SI.Stem"
"1357","SRR5103450.A01.htseq","SI.TA.Cells"
"1358","SRR5102749.A01.htseq","SI.TA.Cells"
"1359","SRR5102830.A01.htseq","SI.TA.Cells"
"1360","GFPneg.SI1.Singlet.2.H1.htseq","SI.TA.Cells"
"411","SRR5102824.A01.htseq","SI.Enteroendocrine"
"1361","GFPneg.SI1.Singlet.2.B8.htseq","SI.TA.Cells"
"1731","GFPpos.C1.Singlet.4.B12.htseq","C.Stem"
"489","NJA00103.A11.htseq","SI.Goblet"
"1806","SRR5103454.A01.htseq","SI.Tuft.Cells"
"267","SRR5103789.A01.htseq","SI.Enterocyte.Progenitor"
"892","SRR5102843.A01.htseq","SI.Stem"
"268","SRR5102100.A01.htseq","SI.Enterocyte.Progenitor"
"893","SRR5102853.A01.htseq","SI.Stem"
"1674","NJA00109.A09.htseq","C.Goblet"
"1362","SRR5102061.A01.htseq","SI.TA.Cells"
"596","NJA00103.B08.htseq","SI.Late.Enterocyte"
"69","SRR5102110.A01.htseq","SI.Early.Enterocyte"
"894","SRR5102581.A01.htseq","SI.Stem"
"895","SRR5103425.A01.htseq","SI.Stem"
"269","SRR5102519.A01.htseq","SI.Enterocyte.Progenitor"
"490","SRR5103640.A01.htseq","SI.Goblet"
"896","SRR5103050.A01.htseq","SI.Stem"
"270","SRR5103631.A01.htseq","SI.Enterocyte.Progenitor"
"491","SRR5103733.A01.htseq","SI.Goblet"
"1363","NJA00103.A02.htseq","SI.TA.Cells"
"597","NJA00104.H11.htseq","SI.Late.Enterocyte"
"897","SRR5102720.A01.htseq","SI.Stem"
"898","SRR5102701.A01.htseq","SI.Stem"
"662","SRR5103848.A01.htseq","SI.Paneth"
"899","SRR5103863.A01.htseq","SI.Stem"
"900","SRR5102573.A01.htseq","SI.Stem"
"901","SRR5102644.A01.htseq","SI.Stem"
"902","SRR5103542.A01.htseq","SI.Stem"
"903","SRR5103841.A01.htseq","SI.Stem"
"1675","NJA00109.B11.htseq","C.Goblet"
"904","SRR5103736.A01.htseq","SI.Stem"
"492","SRR5103811.A01.htseq","SI.Goblet"
"271","SRR5103247.A01.htseq","SI.Enterocyte.Progenitor"
"663","SRR5103689.A01.htseq","SI.Paneth"
"905","SRR5102629.A01.htseq","SI.Stem"
"1364","SRR5103314.A01.htseq","SI.TA.Cells"
"412","SRR5102992.A01.htseq","SI.Enteroendocrine"
"493","SRR5103635.A01.htseq","SI.Goblet"
"1365","SRR5102971.A01.htseq","SI.TA.Cells"
"1676","NJA00109.F11.htseq","C.Goblet"
"906","SRR5102533.A01.htseq","SI.Stem"
"1366","NJA00104.F06.htseq","SI.TA.Cells"
"1367","GFPneg.SI1.Singlet.2.F10.htseq","SI.TA.Cells"
"70","SRR5102093.A01.htseq","SI.Early.Enterocyte"
"1732","GFPneg.C1.Singlet.4.E2.htseq","C.Stem"
"494","SRR5102391.A01.htseq","SI.Goblet"
"907","SRR5102602.A01.htseq","SI.Stem"
"598","SRR5102023.A01.htseq","SI.Late.Enterocyte"
"1368","SRR5103573.A01.htseq","SI.TA.Cells"
"1807","SRR5102910.A01.htseq","SI.Tuft.Cells"
"272","SRR5102798.A01.htseq","SI.Enterocyte.Progenitor"
"908","SRR5103069.A01.htseq","SI.Stem"
"909","SRR5102771.A01.htseq","SI.Stem"
"273","NJA00103.B09.htseq","SI.Enterocyte.Progenitor"
"599","NJA00103.F04.htseq","SI.Late.Enterocyte"
"1369","SRR5103610.A01.htseq","SI.TA.Cells"
"274","SRR5103157.A01.htseq","SI.Enterocyte.Progenitor"
"1808","SRR5102489.A01.htseq","SI.Tuft.Cells"
"71","SRR5103139.A01.htseq","SI.Early.Enterocyte"
"275","SRR5103593.A01.htseq","SI.Enterocyte.Progenitor"
"495","SRR5103201.A01.htseq","SI.Goblet"
"1370","NJA00103.A04.htseq","SI.TA.Cells"
"1371","SRR5103514.A01.htseq","SI.TA.Cells"
"276","SRR5101957.A01.htseq","SI.Enterocyte.Progenitor"
"910","SRR5103386.A01.htseq","SI.Stem"
"72","GFPneg.SI1.Singlet.2.E5.htseq","SI.Early.Enterocyte"
"911","SRR5103376.A01.htseq","SI.Stem"
"1372","SRR5102470.A01.htseq","SI.TA.Cells"
"277","NJA00104.D01.htseq","SI.Enterocyte.Progenitor"
"1636","GFPpos.C1.Singlet.4.F11.htseq","C.Colonocytes"
"1373","SRR5102531.A01.htseq","SI.TA.Cells"
"1374","SRR5102711.A01.htseq","SI.TA.Cells"
"278","NJA00104.G09.htseq","SI.Enterocyte.Progenitor"
"912","SRR5103724.A01.htseq","SI.Stem"
"1809","SRR5103280.A01.htseq","SI.Tuft.Cells"
"73","SRR5102523.A01.htseq","SI.Early.Enterocyte"
"913","SRR5102740.A01.htseq","SI.Stem"
"1375","NJA00104.A07.htseq","SI.TA.Cells"
"1376","SRR5103852.A01.htseq","SI.TA.Cells"
"74","SRR5103135.A01.htseq","SI.Early.Enterocyte"
"496","SRR5103017.A01.htseq","SI.Goblet"
"75","SRR5103350.A01.htseq","SI.Early.Enterocyte"
"497","SRR5103484.A01.htseq","SI.Goblet"
"76","NJA00102.E02.htseq","SI.Early.Enterocyte"
"77","SRR5103181.A01.htseq","SI.Early.Enterocyte"
"1377","SRR5102612.A01.htseq","SI.TA.Cells"
"1378","SRR5103179.A01.htseq","SI.TA.Cells"
"279","SRR5102143.A01.htseq","SI.Enterocyte.Progenitor"
"914","SRR5103034.A01.htseq","SI.Stem"
"915","SRR5103147.A01.htseq","SI.Stem"
"1637","NJA00109.A08.htseq","C.Colonocytes"
"916","SRR5103380.A01.htseq","SI.Stem"
"917","SRR5102732.A01.htseq","SI.Stem"
"78","NJA00102.B08.htseq","SI.Early.Enterocyte"
"918","SRR5103398.A01.htseq","SI.Stem"
"664","SRR5103655.A01.htseq","SI.Paneth"
"498","SRR5102486.A01.htseq","SI.Goblet"
"79","NJA00104.D10.htseq","SI.Early.Enterocyte"
"1810","NJA00103.B05.htseq","SI.Tuft.Cells"
"919","SRR5102428.A01.htseq","SI.Stem"
"920","SRR5102734.A01.htseq","SI.Stem"
"499","SRR5101966.A01.htseq","SI.Goblet"
"1379","SRR5102957.A01.htseq","SI.TA.Cells"
"1733","NJA00109.H02.htseq","C.Stem"
"1811","SRR5103480.A01.htseq","SI.Tuft.Cells"
"921","SRR5102766.A01.htseq","SI.Stem"
"280","SRR5102826.A01.htseq","SI.Enterocyte.Progenitor"
"500","SRR5103343.A01.htseq","SI.Goblet"
"1734","GFPneg.C1.Singlet.4.F2.htseq","C.Stem"
"922","SRR5102860.A01.htseq","SI.Stem"
"1638","NJA00109.G07.htseq","C.Colonocytes"
"1639","NJA00109.G12.htseq","C.Colonocytes"
"281","SRR5103824.A01.htseq","SI.Enterocyte.Progenitor"
"501","SRR5102799.A01.htseq","SI.Goblet"
"600","SRR5102001.A01.htseq","SI.Late.Enterocyte"
"923","SRR5102668.A01.htseq","SI.Stem"
"665","SRR5103670.A01.htseq","SI.Paneth"
"1380","SRR5103553.A01.htseq","SI.TA.Cells"
"502","SRR5102481.A01.htseq","SI.Goblet"
"1381","NJA00104.B06.htseq","SI.TA.Cells"
"924","SRR5102601.A01.htseq","SI.Stem"
"1382","SRR5103103.A01.htseq","SI.TA.Cells"
"925","SRR5102366.A01.htseq","SI.Stem"
"1735","GFPneg.C1.Singlet.4.G5.htseq","C.Stem"
"1383","NJA00103.B06.htseq","SI.TA.Cells"
"282","SRR5103601.A01.htseq","SI.Enterocyte.Progenitor"
"80","SRR5103171.A01.htseq","SI.Early.Enterocyte"
"926","SRR5102083.A01.htseq","SI.Stem"
"283","SRR5103503.A01.htseq","SI.Enterocyte.Progenitor"
"81","SRR5103249.A01.htseq","SI.Early.Enterocyte"
"82","SRR5102526.A01.htseq","SI.Early.Enterocyte"
"1736","GFPneg.C1.Singlet.4.G3.htseq","C.Stem"
"284","SRR5102400.A01.htseq","SI.Enterocyte.Progenitor"
"1737","NJA00109.C07.htseq","C.Stem"
"285","SRR5103245.A01.htseq","SI.Enterocyte.Progenitor"
"83","NJA00102.G01.htseq","SI.Early.Enterocyte"
"1384","SRR5103862.A01.htseq","SI.TA.Cells"
"927","SRR5102855.A01.htseq","SI.Stem"
"666","SRR5102678.A01.htseq","SI.Paneth"
"928","SRR5102077.A01.htseq","SI.Stem"
"84","SRR5102376.A01.htseq","SI.Early.Enterocyte"
"85","SRR5103490.A01.htseq","SI.Early.Enterocyte"
"1385","GFPneg.SI1.Singlet.2.D7.htseq","SI.TA.Cells"
"929","SRR5102931.A01.htseq","SI.Stem"
"930","SRR5102549.A01.htseq","SI.Stem"
"503","SRR5102158.A01.htseq","SI.Goblet"
"931","SRR5103762.A01.htseq","SI.Stem"
"286","SRR5103151.A01.htseq","SI.Enterocyte.Progenitor"
"86","NJA00103.C08.htseq","SI.Early.Enterocyte"
"932","SRR5103779.A01.htseq","SI.Stem"
"601","SRR5102370.A01.htseq","SI.Late.Enterocyte"
"933","SRR5102596.A01.htseq","SI.Stem"
"1386","NJA00103.E04.htseq","SI.TA.Cells"
"1812","SRR5103464.A01.htseq","SI.Tuft.Cells"
"1387","SRR5103600.A01.htseq","SI.TA.Cells"
"934","SRR5103107.A01.htseq","SI.Stem"
"87","SRR5103315.A01.htseq","SI.Early.Enterocyte"
"935","SRR5102460.A01.htseq","SI.Stem"
"936","SRR5102704.A01.htseq","SI.Stem"
"287","SRR5103418.A01.htseq","SI.Enterocyte.Progenitor"
"1388","SRR5102096.A01.htseq","SI.TA.Cells"
"1389","SRR5103775.A01.htseq","SI.TA.Cells"
"288","SRR5103778.A01.htseq","SI.Enterocyte.Progenitor"
"1390","SRR5103177.A01.htseq","SI.TA.Cells"
"88","SRR5102368.A01.htseq","SI.Early.Enterocyte"
"937","SRR5102759.A01.htseq","SI.Stem"
"938","NJA00103.A10.htseq","SI.Stem"
"504","SRR5103727.A01.htseq","SI.Goblet"
"939","SRR5102964.A01.htseq","SI.Stem"
"940","SRR5102554.A01.htseq","SI.Stem"
"941","SRR5103113.A01.htseq","SI.Stem"
"942","SRR5103442.A01.htseq","SI.Stem"
"1391","SRR5103627.A01.htseq","SI.TA.Cells"
"413","NJA00104.B03.htseq","SI.Enteroendocrine"
"667","SRR5103747.A01.htseq","SI.Paneth"
"1392","SRR5102694.A01.htseq","SI.TA.Cells"
"1393","SRR5103707.A01.htseq","SI.TA.Cells"
"668","SRR5103211.A01.htseq","SI.Paneth"
"943","SRR5102597.A01.htseq","SI.Stem"
"1394","SRR5103774.A01.htseq","SI.TA.Cells"
"669","SRR5102866.A01.htseq","SI.Paneth"
"89","SRR5102875.A01.htseq","SI.Early.Enterocyte"
"289","SRR5103494.A01.htseq","SI.Enterocyte.Progenitor"
"1813","SRR5103183.A01.htseq","SI.Tuft.Cells"
"1395","SRR5102607.A01.htseq","SI.TA.Cells"
"290","SRR5103614.A01.htseq","SI.Enterocyte.Progenitor"
"291","SRR5103826.A01.htseq","SI.Enterocyte.Progenitor"
"292","SRR5103570.A01.htseq","SI.Enterocyte.Progenitor"
"944","SRR5103204.A01.htseq","SI.Stem"
"1396","SRR5103586.A01.htseq","SI.TA.Cells"
"90","SRR5103731.A01.htseq","SI.Early.Enterocyte"
"945","SRR5103047.A01.htseq","SI.Stem"
"293","SRR5102443.A01.htseq","SI.Enterocyte.Progenitor"
"91","SRR5101953.A01.htseq","SI.Early.Enterocyte"
"505","SRR5103598.A01.htseq","SI.Goblet"
"1397","SRR5102753.A01.htseq","SI.TA.Cells"
"1398","SRR5102643.A01.htseq","SI.TA.Cells"
"946","SRR5103448.A01.htseq","SI.Stem"
"947","SRR5103801.A01.htseq","SI.Stem"
"1399","NJA00104.A06.htseq","SI.TA.Cells"
"506","SRR5103597.A01.htseq","SI.Goblet"
"92","SRR5102975.A01.htseq","SI.Early.Enterocyte"
"414","SRR5102491.A01.htseq","SI.Enteroendocrine"
"948","SRR5103451.A01.htseq","SI.Stem"
"949","SRR5102588.A01.htseq","SI.Stem"
"1400","SRR5102621.A01.htseq","SI.TA.Cells"
"670","SRR5103728.A01.htseq","SI.Paneth"
"950","SRR5102827.A01.htseq","SI.Stem"
"507","SRR5102938.A01.htseq","SI.Goblet"
"294","SRR5102152.A01.htseq","SI.Enterocyte.Progenitor"
"295","SRR5102065.A01.htseq","SI.Enterocyte.Progenitor"
"296","SRR5103351.A01.htseq","SI.Enterocyte.Progenitor"
"93","SRR5102453.A01.htseq","SI.Early.Enterocyte"
"1401","SRR5102710.A01.htseq","SI.TA.Cells"
"951","SRR5102393.A01.htseq","SI.Stem"
"952","SRR5102926.A01.htseq","SI.Stem"
"953","SRR5103089.A01.htseq","SI.Stem"
"1814","SRR5102920.A01.htseq","SI.Tuft.Cells"
"415","SRR5102963.A01.htseq","SI.Enteroendocrine"
"954","SRR5102371.A01.htseq","SI.Stem"
"1402","SRR5103579.A01.htseq","SI.TA.Cells"
"955","SRR5103075.A01.htseq","SI.Stem"
"956","SRR5103821.A01.htseq","SI.Stem"
"94","GFPneg.SI1.Singlet.2.B6.htseq","SI.Early.Enterocyte"
"1677","NJA00109.C10.htseq","C.Goblet"
"602","NJA00102.C07.htseq","SI.Late.Enterocyte"
"1403","SRR5102122.A01.htseq","SI.TA.Cells"
"1404","SRR5102412.A01.htseq","SI.TA.Cells"
"671","SRR5103690.A01.htseq","SI.Paneth"
"957","NJA00104.C06.htseq","SI.Stem"
"1405","SRR5102010.A01.htseq","SI.TA.Cells"
"95","SRR5103853.A01.htseq","SI.Early.Enterocyte"
"1406","SRR5103606.A01.htseq","SI.TA.Cells"
"297","SRR5102532.A01.htseq","SI.Enterocyte.Progenitor"
"1815","SRR5103275.A01.htseq","SI.Tuft.Cells"
"96","SRR5103313.A01.htseq","SI.Early.Enterocyte"
"1407","SRR5102836.A01.htseq","SI.TA.Cells"
"958","SRR5102550.A01.htseq","SI.Stem"
"1408","SRR5102675.A01.htseq","SI.TA.Cells"
"1816","SRR5102898.A01.htseq","SI.Tuft.Cells"
"1409","SRR5103444.A01.htseq","SI.TA.Cells"
"1410","SRR5103812.A01.htseq","SI.TA.Cells"
"298","SRR5103274.A01.htseq","SI.Enterocyte.Progenitor"
"299","SRR5103541.A01.htseq","SI.Enterocyte.Progenitor"
"97","SRR5103857.A01.htseq","SI.Early.Enterocyte"
"959","SRR5102528.A01.htseq","SI.Stem"
"1411","SRR5103582.A01.htseq","SI.TA.Cells"
"98","NJA00103.F09.htseq","SI.Early.Enterocyte"
"300","SRR5102433.A01.htseq","SI.Enterocyte.Progenitor"
"99","SRR5103316.A01.htseq","SI.Early.Enterocyte"
"1412","SRR5102988.A01.htseq","SI.TA.Cells"
"1738","NJA00109.D01.htseq","C.Stem"
"301","SRR5102408.A01.htseq","SI.Enterocyte.Progenitor"
"1413","NJA00104.E02.htseq","SI.TA.Cells"
"603","NJA00103.E10.htseq","SI.Late.Enterocyte"
"100","SRR5102352.A01.htseq","SI.Early.Enterocyte"
"1739","GFPneg.C1.Singlet.4.A4.htseq","C.Stem"
"101","GFPneg.SI1.Singlet.2.E8.htseq","SI.Early.Enterocyte"
"960","SRR5103414.A01.htseq","SI.Stem"
"961","SRR5102793.A01.htseq","SI.Stem"
"102","SRR5102006.A01.htseq","SI.Early.Enterocyte"
"962","SRR5103517.A01.htseq","SI.Stem"
"1740","NJA00109.F04.htseq","C.Stem"
"1878","NJA00104.C11.htseq","Blood.Cells"
"1879","NJA00102.C03.htseq","Blood.Cells"
"1414","SRR5103802.A01.htseq","SI.TA.Cells"
"103","SRR5102435.A01.htseq","SI.Early.Enterocyte"
"963","SRR5103038.A01.htseq","SI.Stem"
"964","SRR5103121.A01.htseq","SI.Stem"
"1741","NJA00109.F06.htseq","C.Stem"
"302","SRR5103638.A01.htseq","SI.Enterocyte.Progenitor"
"1415","SRR5103324.A01.htseq","SI.TA.Cells"
"965","SRR5103077.A01.htseq","SI.Stem"
"1416","NJA00103.E05.htseq","SI.TA.Cells"
"508","SRR5103196.A01.htseq","SI.Goblet"
"509","SRR5102497.A01.htseq","SI.Goblet"
"303","GFPneg.SI1.Singlet.2.H7.htseq","SI.Enterocyte.Progenitor"
"966","SRR5102558.A01.htseq","SI.Stem"
"1678","NJA00109.B10.htseq","C.Goblet"
"967","SRR5103134.A01.htseq","SI.Stem"
"968","SRR5102567.A01.htseq","SI.Stem"
"1417","SRR5102846.A01.htseq","SI.TA.Cells"
"1418","SRR5103719.A01.htseq","SI.TA.Cells"
"969","SRR5102605.A01.htseq","SI.Stem"
"304","SRR5102657.A01.htseq","SI.Enterocyte.Progenitor"
"1640","GFPpos.C1.Singlet.4.G11.htseq","C.Colonocytes"
"970","SRR5102651.A01.htseq","SI.Stem"
"971","SRR5102469.A01.htseq","SI.Stem"
"1679","GFPneg.C1.Singlet.4.E3.htseq","C.Goblet"
"510","SRR5103301.A01.htseq","SI.Goblet"
"1680","NJA00109.B12.htseq","C.Goblet"
"511","SRR5103505.A01.htseq","SI.Goblet"
"1419","SRR5102419.A01.htseq","SI.TA.Cells"
"972","SRR5102527.A01.htseq","SI.Stem"
"1681","GFPneg.C1.Singlet.4.G4.htseq","C.Goblet"
"1817","SRR5103479.A01.htseq","SI.Tuft.Cells"
"1420","NJA00102.G04.htseq","SI.TA.Cells"
"1421","SRR5103595.A01.htseq","SI.TA.Cells"
"604","NJA00104.F07.htseq","SI.Late.Enterocyte"
"305","NJA00104.A04.htseq","SI.Enterocyte.Progenitor"
"104","SRR5102451.A01.htseq","SI.Early.Enterocyte"
"416","SRR5103790.A01.htseq","SI.Enteroendocrine"
"1422","SRR5103574.A01.htseq","SI.TA.Cells"
"1423","SRR5103636.A01.htseq","SI.TA.Cells"
"605","GFPneg.SI1.Singlet.2.H9.htseq","SI.Late.Enterocyte"
"973","SRR5102784.A01.htseq","SI.Stem"
"105","SRR5103703.A01.htseq","SI.Early.Enterocyte"
"1424","NJA00103.F10.htseq","SI.TA.Cells"
"106","GFPneg.SI1.Singlet.2.C11.htseq","SI.Early.Enterocyte"
"672","SRR5103482.A01.htseq","SI.Paneth"
"1818","SRR5103222.A01.htseq","SI.Tuft.Cells"
"1425","GFPneg.SI1.Singlet.2.D2.htseq","SI.TA.Cells"
"1682","NJA00109.B05.htseq","C.Goblet"
"1641","NJA00109.D03.htseq","C.Colonocytes"
"974","SRR5102547.A01.htseq","SI.Stem"
"1742","SRR5102686.A01.htseq","C.Stem"
"606","SRR5102444.A01.htseq","SI.Late.Enterocyte"
"1880","NJA00102.D01.htseq","Blood.Cells"
"107","SRR5103523.A01.htseq","SI.Early.Enterocyte"
"1426","GFPneg.SI1.Singlet.2.F12.htseq","SI.TA.Cells"
"1427","SRR5103227.A01.htseq","SI.TA.Cells"
"512","SRR5102353.A01.htseq","SI.Goblet"
"1743","GFPneg.C1.Singlet.4.B4.htseq","C.Stem"
"1428","NJA00103.D01.htseq","SI.TA.Cells"
"607","SRR5102475.A01.htseq","SI.Late.Enterocyte"
"1429","SRR5103750.A01.htseq","SI.TA.Cells"
"306","SRR5102804.A01.htseq","SI.Enterocyte.Progenitor"
"1819","SRR5102878.A01.htseq","SI.Tuft.Cells"
"1430","SRR5102772.A01.htseq","SI.TA.Cells"
"975","SRR5103390.A01.htseq","SI.Stem"
"976","SRR5102780.A01.htseq","SI.Stem"
"977","SRR5102586.A01.htseq","SI.Stem"
"307","SRR5103496.A01.htseq","SI.Enterocyte.Progenitor"
"308","SRR5102880.A01.htseq","SI.Enterocyte.Progenitor"
"978","SRR5102940.A01.htseq","SI.Stem"
"108","SRR5103132.A01.htseq","SI.Early.Enterocyte"
"1431","SRR5103646.A01.htseq","SI.TA.Cells"
"1432","SRR5103833.A01.htseq","SI.TA.Cells"
"109","GFPneg.SI1.Singlet.2.F11.htseq","SI.Early.Enterocyte"
"110","NJA00103.B07.htseq","SI.Early.Enterocyte"
"979","SRR5103392.A01.htseq","SI.Stem"
"513","NJA00103.F02.htseq","SI.Goblet"
"1433","GFPneg.SI1.Singlet.2.A5.htseq","SI.TA.Cells"
"980","SRR5102692.A01.htseq","SI.Stem"
"981","SRR5102869.A01.htseq","SI.Stem"
"1683","GFPpos.C1.Singlet.4.C7.htseq","C.Goblet"
"309","SRR5102958.A01.htseq","SI.Enterocyte.Progenitor"
"310","SRR5103760.A01.htseq","SI.Enterocyte.Progenitor"
"1434","SRR5103712.A01.htseq","SI.TA.Cells"
"514","SRR5103220.A01.htseq","SI.Goblet"
"311","SRR5103012.A01.htseq","SI.Enterocyte.Progenitor"
"982","SRR5102873.A01.htseq","SI.Stem"
"312","SRR5103761.A01.htseq","SI.Enterocyte.Progenitor"
"983","SRR5103248.A01.htseq","SI.Stem"
"1435","SRR5103556.A01.htseq","SI.TA.Cells"
"608","NJA00103.B03.htseq","SI.Late.Enterocyte"
"515","SRR5102779.A01.htseq","SI.Goblet"
"111","SRR5103492.A01.htseq","SI.Early.Enterocyte"
"1436","SRR5103246.A01.htseq","SI.TA.Cells"
"1820","SRR5103478.A01.htseq","SI.Tuft.Cells"
"984","SRR5102719.A01.htseq","SI.Stem"
"1437","SRR5102369.A01.htseq","SI.TA.Cells"
"985","SRR5102786.A01.htseq","SI.Stem"
"112","SRR5103325.A01.htseq","SI.Early.Enterocyte"
"516","SRR5102797.A01.htseq","SI.Goblet"
"1821","SRR5103269.A01.htseq","SI.Tuft.Cells"
"986","SRR5102885.A01.htseq","SI.Stem"
"987","SRR5102415.A01.htseq","SI.Stem"
"988","SRR5103436.A01.htseq","SI.Stem"
"313","SRR5102512.A01.htseq","SI.Enterocyte.Progenitor"
"1684","NJA00109.E08.htseq","C.Goblet"
"989","SRR5102637.A01.htseq","SI.Stem"
"314","SRR5103016.A01.htseq","SI.Enterocyte.Progenitor"
"1822","SRR5103460.A01.htseq","SI.Tuft.Cells"
"990","SRR5103415.A01.htseq","SI.Stem"
"991","SRR5102883.A01.htseq","SI.Stem"
"992","SRR5102539.A01.htseq","SI.Stem"
"993","SRR5103194.A01.htseq","SI.Stem"
"1438","SRR5102348.A01.htseq","SI.TA.Cells"
"994","SRR5102625.A01.htseq","SI.Stem"
"1439","SRR5102750.A01.htseq","SI.TA.Cells"
"1881","GFPneg.SI1.Singlet.2.G2.htseq","Blood.Cells"
"995","SRR5103072.A01.htseq","SI.Stem"
"1440","SRR5103643.A01.htseq","SI.TA.Cells"
"609","NJA00102.D03.htseq","SI.Late.Enterocyte"
"113","SRR5103213.A01.htseq","SI.Early.Enterocyte"
"996","SRR5103391.A01.htseq","SI.Stem"
"1441","SRR5102535.A01.htseq","SI.TA.Cells"
"1442","SRR5102999.A01.htseq","SI.TA.Cells"
"1685","GFPneg.C1.Singlet.4.D4.htseq","C.Goblet"
"1882","GFPneg.SI1.Singlet.2.F8.htseq","Blood.Cells"
"1443","SRR5102962.A01.htseq","SI.TA.Cells"
"997","SRR5103412.A01.htseq","SI.Stem"
"1444","SRR5102499.A01.htseq","SI.TA.Cells"
"114","GFPneg.SI1.Singlet.2.D11.htseq","SI.Early.Enterocyte"
"998","SRR5102725.A01.htseq","SI.Stem"
"315","SRR5102487.A01.htseq","SI.Enterocyte.Progenitor"
"1445","SRR5103641.A01.htseq","SI.TA.Cells"
"673","SRR5103663.A01.htseq","SI.Paneth"
"115","SRR5103722.A01.htseq","SI.Early.Enterocyte"
"417","SRR5102946.A01.htseq","SI.Enteroendocrine"
"517","SRR5103710.A01.htseq","SI.Goblet"
"999","SRR5102591.A01.htseq","SI.Stem"
"518","SRR5103599.A01.htseq","SI.Goblet"
"116","SRR5102641.A01.htseq","SI.Early.Enterocyte"
"1000","SRR5103216.A01.htseq","SI.Stem"
"1446","SRR5103706.A01.htseq","SI.TA.Cells"
"117","SRR5103757.A01.htseq","SI.Early.Enterocyte"
"1001","SRR5103416.A01.htseq","SI.Stem"
"1447","SRR5103547.A01.htseq","SI.TA.Cells"
"1448","SRR5103612.A01.htseq","SI.TA.Cells"
"316","NJA00102.F04.htseq","SI.Enterocyte.Progenitor"
"1002","SRR5102399.A01.htseq","SI.Stem"
"519","SRR5103279.A01.htseq","SI.Goblet"
"520","SRR5103335.A01.htseq","SI.Goblet"
"1003","SRR5103106.A01.htseq","SI.Stem"
"674","SRR5103373.A01.htseq","SI.Paneth"
"1004","SRR5103528.A01.htseq","SI.Stem"
"1449","SRR5102983.A01.htseq","SI.TA.Cells"
"1823","SRR5103468.A01.htseq","SI.Tuft.Cells"
"1005","SRR5103560.A01.htseq","SI.Stem"
"1450","SRR5102955.A01.htseq","SI.TA.Cells"
"1006","SRR5102871.A01.htseq","SI.Stem"
"610","SRR5103788.A01.htseq","SI.Late.Enterocyte"
"611","NJA00103.F07.htseq","SI.Late.Enterocyte"
"1451","SRR5101974.A01.htseq","SI.TA.Cells"
"317","GFPneg.SI1.Singlet.2.D8.htseq","SI.Enterocyte.Progenitor"
"612","NJA00102.D08.htseq","SI.Late.Enterocyte"
"118","SRR5103123.A01.htseq","SI.Early.Enterocyte"
"119","GFPneg.SI1.Singlet.2.C9.htseq","SI.Early.Enterocyte"
"318","SRR5103732.A01.htseq","SI.Enterocyte.Progenitor"
"1883","GFPneg.SI1.Singlet.2.B3.htseq","Blood.Cells"
"319","NJA00102.F07.htseq","SI.Enterocyte.Progenitor"
"521","SRR5103726.A01.htseq","SI.Goblet"
"1642","NJA00109.F01.htseq","C.Colonocytes"
"1452","NJA00103.F03.htseq","SI.TA.Cells"
"1007","SRR5103388.A01.htseq","SI.Stem"
"1453","SRR5102386.A01.htseq","SI.TA.Cells"
"1454","SRR5102947.A01.htseq","SI.TA.Cells"
"1008","SRR5103067.A01.htseq","SI.Stem"
"1824","SRR5102867.A01.htseq","SI.Tuft.Cells"
"675","SRR5103671.A01.htseq","SI.Paneth"
"1009","SRR5103039.A01.htseq","SI.Stem"
"320","SRR5103652.A01.htseq","SI.Enterocyte.Progenitor"
"1455","NJA00104.B01.htseq","SI.TA.Cells"
"321","SRR5103768.A01.htseq","SI.Enterocyte.Progenitor"
"1010","SRR5103408.A01.htseq","SI.Stem"
"322","SRR5102476.A01.htseq","SI.Enterocyte.Progenitor"
"613","NJA00104.F03.htseq","SI.Late.Enterocyte"
"1825","SRR5103272.A01.htseq","SI.Tuft.Cells"
"1011","SRR5102587.A01.htseq","SI.Stem"
"1012","SRR5103217.A01.htseq","SI.Stem"
"1643","NJA00109.B07.htseq","C.Colonocytes"
"1456","SRR5103162.A01.htseq","SI.TA.Cells"
"1013","SRR5103716.A01.htseq","SI.Stem"
"676","SRR5103687.A01.htseq","SI.Paneth"
"677","SRR5103358.A01.htseq","SI.Paneth"
"1014","SRR5102604.A01.htseq","SI.Stem"
"1744","GFPpos.C1.Singlet.4.A9.htseq","C.Stem"
"323","SRR5102355.A01.htseq","SI.Enterocyte.Progenitor"
"1015","SRR5103092.A01.htseq","SI.Stem"
"1457","SRR5103734.A01.htseq","SI.TA.Cells"
"1016","SRR5103832.A01.htseq","SI.Stem"
"1458","SRR5103389.A01.htseq","SI.TA.Cells"
"324","SRR5102377.A01.htseq","SI.Enterocyte.Progenitor"
"1017","SRR5102488.A01.htseq","SI.Stem"
"1459","SRR5102832.A01.htseq","SI.TA.Cells"
"120","GFPneg.SI1.Singlet.2.H12.htseq","SI.Early.Enterocyte"
"1018","SRR5102569.A01.htseq","SI.Stem"
"121","NJA00104.A08.htseq","SI.Early.Enterocyte"
"122","SRR5103572.A01.htseq","SI.Early.Enterocyte"
"1826","SRR5103362.A01.htseq","SI.Tuft.Cells"
"1460","SRR5103099.A01.htseq","SI.TA.Cells"
"1745","NJA00109.D06.htseq","C.Stem"
"1461","SRR5103592.A01.htseq","SI.TA.Cells"
"1019","SRR5103219.A01.htseq","SI.Stem"
"123","SRR5103185.A01.htseq","SI.Early.Enterocyte"
"1462","NJA00103.C05.htseq","SI.TA.Cells"
"522","SRR5103419.A01.htseq","SI.Goblet"
"418","SRR5103226.A01.htseq","SI.Enteroendocrine"
"1463","SRR5103188.A01.htseq","SI.TA.Cells"
"1020","SRR5102483.A01.htseq","SI.Stem"
"325","NJA00103.B04.htseq","SI.Enterocyte.Progenitor"
"326","SRR5102769.A01.htseq","SI.Enterocyte.Progenitor"
"523","SRR5103252.A01.htseq","SI.Goblet"
"614","GFPneg.SI1.Singlet.2.B1.htseq","SI.Late.Enterocyte"
"1746","NJA00109.F12.htseq","C.Stem"
"1021","SRR5102851.A01.htseq","SI.Stem"
"1464","SRR5102715.A01.htseq","SI.TA.Cells"
"327","SRR5102479.A01.htseq","SI.Enterocyte.Progenitor"
"1022","SRR5102788.A01.htseq","SI.Stem"
"615","NJA00102.G08.htseq","SI.Late.Enterocyte"
"1465","SRR5103292.A01.htseq","SI.TA.Cells"
"328","SRR5103003.A01.htseq","SI.Enterocyte.Progenitor"
"329","SRR5102427.A01.htseq","SI.Enterocyte.Progenitor"
"1827","SRR5103462.A01.htseq","SI.Tuft.Cells"
"1466","NJA00103.G01.htseq","SI.TA.Cells"
"1023","SRR5103813.A01.htseq","SI.Stem"
"616","SRR5102383.A01.htseq","SI.Late.Enterocyte"
"1467","NJA00104.H03.htseq","SI.TA.Cells"
"124","SRR5103742.A01.htseq","SI.Early.Enterocyte"
"1468","SRR5102009.A01.htseq","SI.TA.Cells"
"330","SRR5103791.A01.htseq","SI.Enterocyte.Progenitor"
"1469","SRR5103831.A01.htseq","SI.TA.Cells"
"1644","GFPpos.C1.Singlet.4.F9.htseq","C.Colonocytes"
"125","NJA00104.G10.htseq","SI.Early.Enterocyte"
"1024","SRR5103404.A01.htseq","SI.Stem"
"331","SRR5102463.A01.htseq","SI.Enterocyte.Progenitor"
"1470","SRR5103564.A01.htseq","SI.TA.Cells"
"1025","SRR5102935.A01.htseq","SI.Stem"
"126","SRR5103825.A01.htseq","SI.Early.Enterocyte"
"524","SRR5103845.A01.htseq","SI.Goblet"
"1026","SRR5102585.A01.htseq","SI.Stem"
"678","SRR5103282.A01.htseq","SI.Paneth"
"525","SRR5103581.A01.htseq","SI.Goblet"
"1645","NJA00109.C06.htseq","C.Colonocytes"
"1027","SRR5103353.A01.htseq","SI.Stem"
"1028","SRR5102490.A01.htseq","SI.Stem"
"1471","NJA00104.D04.htseq","SI.TA.Cells"
"332","SRR5103756.A01.htseq","SI.Enterocyte.Progenitor"
"1747","GFPneg.C1.Singlet.4.A5.htseq","C.Stem"
"1686","GFPpos.C1.Singlet.4.F7.htseq","C.Goblet"
"1828","SRR5103172.A01.htseq","SI.Tuft.Cells"
"1687","GFPpos.C1.Singlet.4.F8.htseq","C.Goblet"
"1472","SRR5102465.A01.htseq","SI.TA.Cells"
"127","SRR5103504.A01.htseq","SI.Early.Enterocyte"
"1688","NJA00109.D02.htseq","C.Goblet"
"1473","GFPneg.SI1.Singlet.2.E3.htseq","SI.TA.Cells"
"1029","SRR5103539.A01.htseq","SI.Stem"
"526","SRR5103702.A01.htseq","SI.Goblet"
"1030","SRR5102882.A01.htseq","SI.Stem"
"1474","SRR5103290.A01.htseq","SI.TA.Cells"
"1646","NJA00109.G05.htseq","C.Colonocytes"
"1031","SRR5102572.A01.htseq","SI.Stem"
"333","SRR5103502.A01.htseq","SI.Enterocyte.Progenitor"
"419","GFPneg.C1.Singlet.4.B6.htseq","SI.Enteroendocrine"
"1032","SRR5102890.A01.htseq","SI.Stem"
"1033","SRR5103203.A01.htseq","SI.Stem"
"1475","SRR5103544.A01.htseq","SI.TA.Cells"
"1829","GFPneg.SI1.Singlet.2.B7.htseq","SI.Tuft.Cells"
"1034","SRR5103394.A01.htseq","SI.Stem"
"527","SRR5102717.A01.htseq","SI.Goblet"
"1476","SRR5103250.A01.htseq","SI.TA.Cells"
"528","SRR5103238.A01.htseq","SI.Goblet"
"1035","SRR5102615.A01.htseq","SI.Stem"
"1647","NJA00109.C12.htseq","C.Colonocytes"
"334","SRR5103855.A01.htseq","SI.Enterocyte.Progenitor"
"1036","SRR5102737.A01.htseq","SI.Stem"
"1830","SRR5103466.A01.htseq","SI.Tuft.Cells"
"128","SRR5103858.A01.htseq","SI.Early.Enterocyte"
"1037","SRR5102511.A01.htseq","SI.Stem"
"335","SRR5102464.A01.htseq","SI.Enterocyte.Progenitor"
"1038","SRR5103447.A01.htseq","SI.Stem"
"679","SRR5103662.A01.htseq","SI.Paneth"
"129","SRR5102959.A01.htseq","SI.Early.Enterocyte"
"1039","SRR5103440.A01.htseq","SI.Stem"
"130","SRR5102838.A01.htseq","SI.Early.Enterocyte"
"1477","SRR5102634.A01.htseq","SI.TA.Cells"
"336","SRR5102671.A01.htseq","SI.Enterocyte.Progenitor"
"529","SRR5103138.A01.htseq","SI.Goblet"
"337","SRR5103645.A01.htseq","SI.Enterocyte.Progenitor"
"338","SRR5103780.A01.htseq","SI.Enterocyte.Progenitor"
"1748","GFPpos.C1.Singlet.4.C10.htseq","C.Stem"
"1040","NJA00104.D09.htseq","SI.Stem"
"339","SRR5103485.A01.htseq","SI.Enterocyte.Progenitor"
"340","SRR5102050.A01.htseq","SI.Enterocyte.Progenitor"
"1478","SRR5102731.A01.htseq","SI.TA.Cells"
"1479","GFPneg.SI1.Singlet.2.G10.htseq","SI.TA.Cells"
"1480","SRR5102743.A01.htseq","SI.TA.Cells"
"420","SRR5103800.A01.htseq","SI.Enteroendocrine"
"1481","SRR5102744.A01.htseq","SI.TA.Cells"
"341","SRR5103650.A01.htseq","SI.Enterocyte.Progenitor"
"1041","SRR5103128.A01.htseq","SI.Stem"
"680","SRR5102066.A01.htseq","SI.Paneth"
"1042","SRR5102859.A01.htseq","SI.Stem"
"342","NJA00103.A01.htseq","SI.Enterocyte.Progenitor"
"530","SRR5103506.A01.htseq","SI.Goblet"
"1749","GFPneg.C1.Singlet.4.D6.htseq","C.Stem"
"1482","SRR5102930.A01.htseq","SI.TA.Cells"
"531","SRR5103799.A01.htseq","SI.Goblet"
"343","SRR5102388.A01.htseq","SI.Enterocyte.Progenitor"
"1043","SRR5103420.A01.htseq","SI.Stem"
"1483","SRR5103648.A01.htseq","SI.TA.Cells"
"1044","SRR5103086.A01.htseq","SI.Stem"
"1045","SRR5102758.A01.htseq","SI.Stem"
"1831","SRR5103519.A01.htseq","SI.Tuft.Cells"
"1750","NJA00109.E05.htseq","C.Stem"
"1046","SRR5102762.A01.htseq","SI.Stem"
"131","SRR5102956.A01.htseq","SI.Early.Enterocyte"
"1484","SRR5102712.A01.htseq","SI.TA.Cells"
"1485","SRR5102395.A01.htseq","SI.TA.Cells"
"1047","SRR5103379.A01.htseq","SI.Stem"
"1689","NJA00109.B06.htseq","C.Goblet"
"1486","NJA00103.D04.htseq","SI.TA.Cells"
"1487","NJA00104.H04.htseq","SI.TA.Cells"
"1884","NJA00102.F01.htseq","Blood.Cells"
"1488","SRR5102820.A01.htseq","SI.TA.Cells"
"1489","NJA00103.G02.htseq","SI.TA.Cells"
"1490","SRR5102741.A01.htseq","SI.TA.Cells"
"532","SRR5102498.A01.htseq","SI.Goblet"
"1048","SRR5102928.A01.htseq","SI.Stem"
"344","SRR5102941.A01.htseq","SI.Enterocyte.Progenitor"
"132","SRR5103488.A01.htseq","SI.Early.Enterocyte"
"1049","SRR5103078.A01.htseq","SI.Stem"
"345","SRR5101994.A01.htseq","SI.Enterocyte.Progenitor"
"1491","SRR5103024.A01.htseq","SI.TA.Cells"
"1050","SRR5102566.A01.htseq","SI.Stem"
"1051","SRR5103437.A01.htseq","SI.Stem"
"1052","SRR5102862.A01.htseq","SI.Stem"
"1690","GFPneg.C1.Singlet.4.H4.htseq","C.Goblet"
"533","SRR5103153.A01.htseq","SI.Goblet"
"1492","SRR5103713.A01.htseq","SI.TA.Cells"
"1053","SRR5102924.A01.htseq","SI.Stem"
"133","SRR5103493.A01.htseq","SI.Early.Enterocyte"
"1493","SRR5102506.A01.htseq","SI.TA.Cells"
"346","SRR5102115.A01.htseq","SI.Enterocyte.Progenitor"
"1494","SRR5102385.A01.htseq","SI.TA.Cells"
"1495","SRR5103234.A01.htseq","SI.TA.Cells"
"681","SRR5103668.A01.htseq","SI.Paneth"
"134","SRR5101956.A01.htseq","SI.Early.Enterocyte"
"682","SRR5103140.A01.htseq","SI.Paneth"
"1496","SRR5103382.A01.htseq","SI.TA.Cells"
"1497","NJA00104.E06.htseq","SI.TA.Cells"
"534","SRR5102358.A01.htseq","SI.Goblet"
"1498","NJA00103.A03.htseq","SI.TA.Cells"
"1832","SRR5103499.A01.htseq","SI.Tuft.Cells"
"1499","NJA00104.D03.htseq","SI.TA.Cells"
"617","NJA00102.C05.htseq","SI.Late.Enterocyte"
"1054","SRR5102775.A01.htseq","SI.Stem"
"1055","SRR5103055.A01.htseq","SI.Stem"
"535","SRR5103225.A01.htseq","SI.Goblet"
"618","SRR5101969.A01.htseq","SI.Late.Enterocyte"
"1691","NJA00109.H09.htseq","C.Goblet"
"1500","SRR5103624.A01.htseq","SI.TA.Cells"
"347","SRR5103617.A01.htseq","SI.Enterocyte.Progenitor"
"421","SRR5102424.A01.htseq","SI.Enteroendocrine"
"348","SRR5102452.A01.htseq","SI.Enterocyte.Progenitor"
"1056","SRR5102763.A01.htseq","SI.Stem"
"1057","SRR5103091.A01.htseq","SI.Stem"
"1058","SRR5103084.A01.htseq","SI.Stem"
"1059","SRR5103051.A01.htseq","SI.Stem"
"135","SRR5103509.A01.htseq","SI.Early.Enterocyte"
"349","SRR5102811.A01.htseq","SI.Enterocyte.Progenitor"
"1060","SRR5102478.A01.htseq","SI.Stem"
"1061","NJA00104.B05.htseq","SI.Stem"
"1501","NJA00103.A06.htseq","SI.TA.Cells"
"1692","NJA00109.H01.htseq","C.Goblet"
"350","SRR5101980.A01.htseq","SI.Enterocyte.Progenitor"
"1062","SRR5103062.A01.htseq","SI.Stem"
"1063","SRR5103007.A01.htseq","SI.Stem"
"351","SRR5103770.A01.htseq","SI.Enterocyte.Progenitor"
"1502","SRR5103767.A01.htseq","SI.TA.Cells"
"1503","SRR5103027.A01.htseq","SI.TA.Cells"
"136","SRR5103023.A01.htseq","SI.Early.Enterocyte"
"1064","SRR5103686.A01.htseq","SI.Stem"
"1504","SRR5102697.A01.htseq","SI.TA.Cells"
"137","SRR5103026.A01.htseq","SI.Early.Enterocyte"
"1505","SRR5103207.A01.htseq","SI.TA.Cells"
"138","SRR5103569.A01.htseq","SI.Early.Enterocyte"
"1648","NJA00109.G03.htseq","C.Colonocytes"
"139","SRR5103737.A01.htseq","SI.Early.Enterocyte"
"1649","NJA00109.G01.htseq","C.Colonocytes"
"352","SRR5103004.A01.htseq","SI.Enterocyte.Progenitor"
"1833","SRR5103458.A01.htseq","SI.Tuft.Cells"
"353","SRR5102088.A01.htseq","SI.Enterocyte.Progenitor"
"536","SRR5103308.A01.htseq","SI.Goblet"
"1506","NJA00103.F06.htseq","SI.TA.Cells"
"1065","SRR5102870.A01.htseq","SI.Stem"
"1066","SRR5103105.A01.htseq","SI.Stem"
"1507","SRR5103339.A01.htseq","SI.TA.Cells"
"1834","SRR5102901.A01.htseq","SI.Tuft.Cells"
"1508","SRR5103018.A01.htseq","SI.TA.Cells"
"1067","SRR5102544.A01.htseq","SI.Stem"
"619","SRR5102166.A01.htseq","SI.Late.Enterocyte"
"1835","SRR5103467.A01.htseq","SI.Tuft.Cells"
"1068","SRR5102635.A01.htseq","SI.Stem"
"1509","SRR5102972.A01.htseq","SI.TA.Cells"
"354","SRR5102619.A01.htseq","SI.Enterocyte.Progenitor"
"140","SRR5103745.A01.htseq","SI.Early.Enterocyte"
"1069","SRR5103421.A01.htseq","SI.Stem"
"1510","SRR5103021.A01.htseq","SI.TA.Cells"
"620","GFPneg.SI1.Singlet.2.D9.htseq","SI.Late.Enterocyte"
"355","SRR5103546.A01.htseq","SI.Enterocyte.Progenitor"
"1650","GFPpos.C1.Singlet.4.B8.htseq","C.Colonocytes"
"537","SRR5103356.A01.htseq","SI.Goblet"
"1511","SRR5102760.A01.htseq","SI.TA.Cells"
"1512","SRR5103607.A01.htseq","SI.TA.Cells"
"1070","SRR5102889.A01.htseq","SI.Stem"
"1071","SRR5102858.A01.htseq","SI.Stem"
"1836","SRR5102892.A01.htseq","SI.Tuft.Cells"
"1751","NJA00109.A03.htseq","C.Stem"
"538","SRR5102496.A01.htseq","SI.Goblet"
"356","SRR5103189.A01.htseq","SI.Enterocyte.Progenitor"
"141","SRR5102430.A01.htseq","SI.Early.Enterocyte"
"1072","SRR5102756.A01.htseq","SI.Stem"
"142","SRR5103497.A01.htseq","SI.Early.Enterocyte"
"143","GFPneg.SI1.Singlet.2.C7.htseq","SI.Early.Enterocyte"
"357","SRR5102652.A01.htseq","SI.Enterocyte.Progenitor"
"422","SRR5102802.A01.htseq","SI.Enteroendocrine"
"1752","GFPneg.C1.Singlet.4.C5.htseq","C.Stem"
"1073","SRR5103037.A01.htseq","SI.Stem"
"1837","SRR5102916.A01.htseq","SI.Tuft.Cells"
"1074","SRR5102879.A01.htseq","SI.Stem"
"683","SRR5103361.A01.htseq","SI.Paneth"
"358","SRR5102405.A01.htseq","SI.Enterocyte.Progenitor"
"1838","SRR5103465.A01.htseq","SI.Tuft.Cells"
"1513","SRR5102703.A01.htseq","SI.TA.Cells"
"539","SRR5103297.A01.htseq","SI.Goblet"
"540","SRR5103654.A01.htseq","SI.Goblet"
"1839","SRR5103268.A01.htseq","SI.Tuft.Cells"
"1514","SRR5103696.A01.htseq","SI.TA.Cells"
"1075","SRR5103240.A01.htseq","SI.Stem"
"1840","SRR5102913.A01.htseq","SI.Tuft.Cells"
"423","GFPneg.SI1.Singlet.2.G3.htseq","SI.Enteroendocrine"
"541","SRR5103669.A01.htseq","SI.Goblet"
"359","SRR5103781.A01.htseq","SI.Enterocyte.Progenitor"
"1515","SRR5102071.A01.htseq","SI.TA.Cells"
"1076","SRR5103723.A01.htseq","SI.Stem"
"542","SRR5103675.A01.htseq","SI.Goblet"
"424","SRR5102447.A01.htseq","SI.Enteroendocrine"
"1516","SRR5103048.A01.htseq","SI.TA.Cells"
"360","SRR5103633.A01.htseq","SI.Enterocyte.Progenitor"
"361","SRR5102454.A01.htseq","SI.Enterocyte.Progenitor"
"1077","SRR5103543.A01.htseq","SI.Stem"
"1517","SRR5102968.A01.htseq","SI.TA.Cells"
"1078","SRR5102953.A01.htseq","SI.Stem"
"1079","SRR5102568.A01.htseq","SI.Stem"
"144","SRR5103321.A01.htseq","SI.Early.Enterocyte"
"1080","SRR5103104.A01.htseq","SI.Stem"
"1518","SRR5103827.A01.htseq","SI.TA.Cells"
"145","SRR5103520.A01.htseq","SI.Early.Enterocyte"
"1081","SRR5103402.A01.htseq","SI.Stem"
"1082","SRR5103431.A01.htseq","SI.Stem"
"1519","SRR5102943.A01.htseq","SI.TA.Cells"
"621","GFPneg.SI1.Singlet.2.C8.htseq","SI.Late.Enterocyte"
"362","GFPneg.SI1.Singlet.2.E4.htseq","SI.Enterocyte.Progenitor"
"1841","SRR5103271.A01.htseq","SI.Tuft.Cells"
"425","SRR5103838.A01.htseq","SI.Enteroendocrine"
"1520","SRR5103608.A01.htseq","SI.TA.Cells"
"1521","SRR5102046.A01.htseq","SI.TA.Cells"
"1083","SRR5103864.A01.htseq","SI.Stem"
"1522","SRR5102058.A01.htseq","SI.TA.Cells"
"543","GFPneg.SI1.Singlet.2.G6.htseq","SI.Goblet"
"1523","SRR5102627.A01.htseq","SI.TA.Cells"
"1753","GFPneg.C1.Singlet.4.E5.htseq","C.Stem"
"1842","SRR5102471.A01.htseq","SI.Tuft.Cells"
"1084","SRR5102595.A01.htseq","SI.Stem"
"622","GFPneg.SI1.Singlet.2.C2.htseq","SI.Late.Enterocyte"
"1085","SRR5103200.A01.htseq","SI.Stem"
"544","SRR5103320.A01.htseq","SI.Goblet"
"1086","SRR5103043.A01.htseq","SI.Stem"
"1524","NJA00104.H01.htseq","SI.TA.Cells"
"1693","GFPneg.C1.Singlet.4.B1.htseq","C.Goblet"
"1087","SRR5102578.A01.htseq","SI.Stem"
"146","SRR5103180.A01.htseq","SI.Early.Enterocyte"
"1525","SRR5103435.A01.htseq","SI.TA.Cells"
"426","SRR5102534.A01.htseq","SI.Enteroendocrine"
"1088","SRR5103082.A01.htseq","SI.Stem"
"623","NJA00104.B09.htseq","SI.Late.Enterocyte"
"545","SRR5103005.A01.htseq","SI.Goblet"
"1651","NJA00109.E11.htseq","C.Colonocytes"
"363","SRR5103052.A01.htseq","SI.Enterocyte.Progenitor"
"1526","SRR5103095.A01.htseq","SI.TA.Cells"
"1527","SRR5102446.A01.htseq","SI.TA.Cells"
"624","NJA00102.G09.htseq","SI.Late.Enterocyte"
"1089","SRR5102733.A01.htseq","SI.Stem"
"1528","SRR5102707.A01.htseq","SI.TA.Cells"
"1090","SRR5103808.A01.htseq","SI.Stem"
"546","SRR5103828.A01.htseq","SI.Goblet"
"1529","SRR5102748.A01.htseq","SI.TA.Cells"
"147","SRR5103349.A01.htseq","SI.Early.Enterocyte"
"1530","SRR5103568.A01.htseq","SI.TA.Cells"
"148","SRR5103205.A01.htseq","SI.Early.Enterocyte"
"547","SRR5103097.A01.htseq","SI.Goblet"
"1885","GFPneg.SI1.Singlet.2.C6.htseq","Blood.Cells"
"364","SRR5103006.A01.htseq","SI.Enterocyte.Progenitor"
"1531","SRR5103534.A01.htseq","SI.TA.Cells"
"149","SRR5102508.A01.htseq","SI.Early.Enterocyte"
"150","SRR5103146.A01.htseq","SI.Early.Enterocyte"
"1532","SRR5103576.A01.htseq","SI.TA.Cells"
"1091","SRR5102459.A01.htseq","SI.Stem"
"548","GFPneg.SI1.Singlet.2.A7.htseq","SI.Goblet"
"625","SRR5103303.A01.htseq","SI.Late.Enterocyte"
"549","SRR5102509.A01.htseq","SI.Goblet"
"151","SRR5103851.A01.htseq","SI.Early.Enterocyte"
"1092","SRR5102721.A01.htseq","SI.Stem"
"365","SRR5103856.A01.htseq","SI.Enterocyte.Progenitor"
"1533","SRR5103403.A01.htseq","SI.TA.Cells"
"427","SRR5103850.A01.htseq","SI.Enteroendocrine"
"1534","SRR5102714.A01.htseq","SI.TA.Cells"
"1093","SRR5103112.A01.htseq","SI.Stem"
"366","SRR5102614.A01.htseq","SI.Enterocyte.Progenitor"
"1652","GFPneg.C1.Singlet.4.F1.htseq","C.Colonocytes"
"1094","SRR5103378.A01.htseq","SI.Stem"
"1535","SRR5103565.A01.htseq","SI.TA.Cells"
"1536","SRR5102656.A01.htseq","SI.TA.Cells"
"1537","SRR5102950.A01.htseq","SI.TA.Cells"
"1886","NJA00102.G10.htseq","Blood.Cells"
"1754","GFPpos.C1.Singlet.4.D7.htseq","C.Stem"
"1095","SRR5102553.A01.htseq","SI.Stem"
"1096","SRR5103400.A01.htseq","SI.Stem"
"626","SRR5102396.A01.htseq","SI.Late.Enterocyte"
"1538","SRR5102351.A01.htseq","SI.TA.Cells"
"1539","SRR5102977.A01.htseq","SI.TA.Cells"
"1097","SRR5103822.A01.htseq","SI.Stem"
"1098","SRR5102922.A01.htseq","SI.Stem"
"1843","SRR5103461.A01.htseq","SI.Tuft.Cells"
"1540","SRR5103127.A01.htseq","SI.TA.Cells"
"1099","SRR5102345.A01.htseq","SI.Stem"
"1541","NJA00103.C01.htseq","SI.TA.Cells"
"1100","SRR5103819.A01.htseq","SI.Stem"
"1101","SRR5102074.A01.htseq","SI.Stem"
"1844","NJA00103.D02.htseq","SI.Tuft.Cells"
"1542","SRR5102918.A01.htseq","SI.TA.Cells"
"627","NJA00102.E09.htseq","SI.Late.Enterocyte"
"1543","SRR5102787.A01.htseq","SI.TA.Cells"
"1102","SRR5102792.A01.htseq","SI.Stem"
"1103","SRR5102013.A01.htseq","SI.Stem"
"152","SRR5103491.A01.htseq","SI.Early.Enterocyte"
"1544","SRR5103111.A01.htseq","SI.TA.Cells"
"628","GFPneg.SI1.Singlet.2.E11.htseq","SI.Late.Enterocyte"
"1845","SRR5102801.A01.htseq","SI.Tuft.Cells"
"1846","SRR5103276.A01.htseq","SI.Tuft.Cells"
"1545","SRR5102416.A01.htseq","SI.TA.Cells"
"684","SRR5103657.A01.htseq","SI.Paneth"
"1104","SRR5102789.A01.htseq","SI.Stem"
"1847","SRR5103273.A01.htseq","SI.Tuft.Cells"
"1848","GFPneg.SI1.Singlet.2.E12.htseq","SI.Tuft.Cells"
"1546","GFPneg.SI1.Singlet.2.D4.htseq","SI.TA.Cells"
"1105","SRR5103208.A01.htseq","SI.Stem"
"1849","SRR5102919.A01.htseq","SI.Tuft.Cells"
"367","SRR5103117.A01.htseq","SI.Enterocyte.Progenitor"
"1106","SRR5103060.A01.htseq","SI.Stem"
"368","SRR5103625.A01.htseq","SI.Enterocyte.Progenitor"
"1107","SRR5102048.A01.htseq","SI.Stem"
"550","SRR5103820.A01.htseq","SI.Goblet"
"1108","SRR5102384.A01.htseq","SI.Stem"
"369","SRR5103840.A01.htseq","SI.Enterocyte.Progenitor"
"1109","SRR5102571.A01.htseq","SI.Stem"
"1547","SRR5102623.A01.htseq","SI.TA.Cells"
"1110","SRR5102791.A01.htseq","SI.Stem"
"1111","SRR5103527.A01.htseq","SI.Stem"
"1112","SRR5103064.A01.htseq","SI.Stem"
"1850","SRR5103281.A01.htseq","SI.Tuft.Cells"
"1548","SRR5102361.A01.htseq","SI.TA.Cells"
"1653","NJA00109.D07.htseq","C.Colonocytes"
"153","SRR5102803.A01.htseq","SI.Early.Enterocyte"
"1549","SRR5103535.A01.htseq","SI.TA.Cells"
"1550","SRR5103395.A01.htseq","SI.TA.Cells"
"1113","SRR5102372.A01.htseq","SI.Stem"
"1551","SRR5103653.A01.htseq","SI.TA.Cells"
"1552","SRR5103691.A01.htseq","SI.TA.Cells"
"1114","SRR5103549.A01.htseq","SI.Stem"
"1553","SRR5103773.A01.htseq","SI.TA.Cells"
"1851","SRR5102906.A01.htseq","SI.Tuft.Cells"
"1554","SRR5103698.A01.htseq","SI.TA.Cells"
"370","SRR5102620.A01.htseq","SI.Enterocyte.Progenitor"
"1555","SRR5103584.A01.htseq","SI.TA.Cells"
"1556","NJA00102.B05.htseq","SI.TA.Cells"
"1115","SRR5103651.A01.htseq","SI.Stem"
"1557","SRR5102805.A01.htseq","SI.TA.Cells"
"1116","SRR5102829.A01.htseq","SI.Stem"
"1117","SRR5103434.A01.htseq","SI.Stem"
"1118","SRR5102974.A01.htseq","SI.Stem"
"371","SRR5102381.A01.htseq","SI.Enterocyte.Progenitor"
"1755","NJA00109.F07.htseq","C.Stem"
"372","SRR5102688.A01.htseq","SI.Enterocyte.Progenitor"
"1558","SRR5103817.A01.htseq","SI.TA.Cells"
"551","SRR5103218.A01.htseq","SI.Goblet"
"1559","SRR5102107.A01.htseq","SI.TA.Cells"
"1560","SRR5102986.A01.htseq","SI.TA.Cells"
"1561","SRR5102782.A01.htseq","SI.TA.Cells"
"1562","NJA00104.G01.htseq","SI.TA.Cells"
"1756","GFPpos.C1.Singlet.4.C8.htseq","C.Stem"
"1563","SRR5103717.A01.htseq","SI.TA.Cells"
"685","SRR5103659.A01.htseq","SI.Paneth"
"686","SRR5102630.A01.htseq","SI.Paneth"
"1757","NJA00109.E06.htseq","C.Stem"
"373","SRR5102493.A01.htseq","SI.Enterocyte.Progenitor"
"1564","SRR5102448.A01.htseq","SI.TA.Cells"
"552","SRR5102349.A01.htseq","SI.Goblet"
"374","SRR5102886.A01.htseq","SI.Enterocyte.Progenitor"
"1119","SRR5102472.A01.htseq","SI.Stem"
"1120","SRR5102560.A01.htseq","SI.Stem"
"1121","SRR5103241.A01.htseq","SI.Stem"
"1694","GFPpos.C1.Singlet.4.E7.htseq","C.Goblet"
"1565","GFPneg.C1.Singlet.4.A1.htseq","SI.TA.Cells"
"154","SRR5102387.A01.htseq","SI.Early.Enterocyte"
"1122","SRR5102816.A01.htseq","SI.Stem"
"1566","SRR5102773.A01.htseq","SI.TA.Cells"
"1567","SRR5102076.A01.htseq","SI.TA.Cells"
"687","SRR5103483.A01.htseq","SI.Paneth"
"1568","SRR5103452.A01.htseq","SI.TA.Cells"
"1695","NJA00109.E03.htseq","C.Goblet"
"375","SRR5103011.A01.htseq","SI.Enterocyte.Progenitor"
"1654","NJA00109.D05.htseq","C.Colonocytes"
"1569","SRR5103396.A01.htseq","SI.TA.Cells"
"1123","SRR5102398.A01.htseq","SI.Stem"
"688","SRR5103371.A01.htseq","SI.Paneth"
"689","SRR5103785.A01.htseq","SI.Paneth"
"629","SRR5102404.A01.htseq","SI.Late.Enterocyte"
"155","SRR5102966.A01.htseq","SI.Early.Enterocyte"
"1124","SRR5103536.A01.htseq","SI.Stem"
"156","SRR5103332.A01.htseq","SI.Early.Enterocyte"
"1570","SRR5102997.A01.htseq","SI.TA.Cells"
"1125","SRR5102979.A01.htseq","SI.Stem"
"1126","SRR5102815.A01.htseq","SI.Stem"
"1127","SRR5102367.A01.htseq","SI.Stem"
"1128","SRR5103093.A01.htseq","SI.Stem"
"1696","NJA00109.C01.htseq","C.Goblet"
"157","SRR5103619.A01.htseq","SI.Early.Enterocyte"
"1571","SRR5103589.A01.htseq","SI.TA.Cells"
"1758","GFPneg.C1.Singlet.4.C1.htseq","C.Stem"
"690","SRR5103685.A01.htseq","SI.Paneth"
"1129","SRR5103040.A01.htseq","SI.Stem"
"428","SRR5102140.A01.htseq","SI.Enteroendocrine"
"1572","SRR5102778.A01.htseq","SI.TA.Cells"
"1573","GFPneg.SI1.Singlet.2.A1.htseq","SI.TA.Cells"
"1130","SRR5103433.A01.htseq","SI.Stem"
"1887","GFPneg.SI1.Singlet.2.D6.htseq","Blood.Cells"
"1759","NJA00109.D10.htseq","C.Stem"
"158","SRR5103718.A01.htseq","SI.Early.Enterocyte"
"1760","NJA00109.H04.htseq","C.Stem"
"1852","SRR5103473.A01.htseq","SI.Tuft.Cells"
"553","SRR5102790.A01.htseq","SI.Goblet"
"554","SRR5103603.A01.htseq","SI.Goblet"
"1131","SRR5102844.A01.htseq","SI.Stem"
"1132","SRR5103445.A01.htseq","SI.Stem"
"1574","SRR5103109.A01.htseq","SI.TA.Cells"
"1133","SRR5102925.A01.htseq","SI.Stem"
"1134","SRR5103441.A01.htseq","SI.Stem"
"1135","SRR5102840.A01.htseq","SI.Stem"
"1655","NJA00109.D04.htseq","C.Colonocytes"
"1136","SRR5102354.A01.htseq","SI.Stem"
"691","SRR5103369.A01.htseq","SI.Paneth"
"692","SRR5102847.A01.htseq","SI.Paneth"
"1761","NJA00109.F05.htseq","C.Stem"
"1575","SRR5103197.A01.htseq","SI.TA.Cells"
"1137","SRR5102865.A01.htseq","SI.Stem"
"1576","NJA00104.C10.htseq","SI.TA.Cells"
"1577","SRR5103168.A01.htseq","SI.TA.Cells"
"1578","SRR5103230.A01.htseq","SI.TA.Cells"
"1138","SRR5102702.A01.htseq","SI.Stem"
"1579","SRR5102051.A01.htseq","SI.TA.Cells"
"1139","SRR5103427.A01.htseq","SI.Stem"
"1853","SRR5102774.A01.htseq","SI.Tuft.Cells"
"376","SRR5102429.A01.htseq","SI.Enterocyte.Progenitor"
"1580","SRR5103233.A01.htseq","SI.TA.Cells"
"1140","SRR5102537.A01.htseq","SI.Stem"
"1141","SRR5103120.A01.htseq","SI.Stem"
"1142","SRR5102942.A01.htseq","SI.Stem"
"555","SRR5103839.A01.htseq","SI.Goblet"
"1143","SRR5103525.A01.htseq","SI.Stem"
"1144","SRR5103094.A01.htseq","SI.Stem"
"1581","SRR5102891.A01.htseq","SI.TA.Cells"
"630","NJA00102.A12.htseq","SI.Late.Enterocyte"
"377","SRR5102410.A01.htseq","SI.Enterocyte.Progenitor"
"556","SRR5102153.A01.htseq","SI.Goblet"
"1854","SRR5103470.A01.htseq","SI.Tuft.Cells"
"1582","SRR5102777.A01.htseq","SI.TA.Cells"
"378","SRR5102949.A01.htseq","SI.Enterocyte.Progenitor"
"379","SRR5102421.A01.htseq","SI.Enterocyte.Progenitor"
"380","SRR5102507.A01.htseq","SI.Enterocyte.Progenitor"
"159","SRR5103741.A01.htseq","SI.Early.Enterocyte"
"1855","SRR5103501.A01.htseq","SI.Tuft.Cells"
"381","SRR5102676.A01.htseq","SI.Enterocyte.Progenitor"
"160","SRR5103330.A01.htseq","SI.Early.Enterocyte"
"161","SRR5103304.A01.htseq","SI.Early.Enterocyte"
"382","SRR5103754.A01.htseq","SI.Enterocyte.Progenitor"
"1145","SRR5102101.A01.htseq","SI.Stem"
"1583","SRR5103746.A01.htseq","SI.TA.Cells"
"693","SRR5103372.A01.htseq","SI.Paneth"
"557","NJA00102.D05.htseq","SI.Goblet"
"558","SRR5102681.A01.htseq","SI.Goblet"
"383","SRR5102666.A01.htseq","SI.Enterocyte.Progenitor"
"1584","SRR5102821.A01.htseq","SI.TA.Cells"
"1585","NJA00104.C01.htseq","SI.TA.Cells"
"559","SRR5103714.A01.htseq","SI.Goblet"
"1586","SRR5102944.A01.htseq","SI.TA.Cells"
"694","SRR5103366.A01.htseq","SI.Paneth"
"1856","SRR5103253.A01.htseq","SI.Tuft.Cells"
"1888","NJA00102.B06.htseq","Blood.Cells"
"695","SRR5103677.A01.htseq","SI.Paneth"
"1587","SRR5102841.A01.htseq","SI.TA.Cells"
"162","NJA00104.B07.htseq","SI.Early.Enterocyte"
"1588","SRR5103524.A01.htseq","SI.TA.Cells"
"1146","SRR5102705.A01.htseq","SI.Stem"
"384","SRR5102896.A01.htseq","SI.Enterocyte.Progenitor"
"1589","SRR5103526.A01.htseq","SI.TA.Cells"
"560","SRR5102857.A01.htseq","SI.Goblet"
"1590","SRR5102392.A01.htseq","SI.TA.Cells"
"1591","SRR5103387.A01.htseq","SI.TA.Cells"
"1592","SRR5102640.A01.htseq","SI.TA.Cells"
"561","SRR5103674.A01.htseq","SI.Goblet"
"1147","SRR5102394.A01.htseq","SI.Stem"
"163","SRR5103221.A01.htseq","SI.Early.Enterocyte"
"1857","SRR5102897.A01.htseq","SI.Tuft.Cells"
"385","SRR5102374.A01.htseq","SI.Enterocyte.Progenitor"
"1593","SRR5103647.A01.htseq","SI.TA.Cells"
"1148","SRR5103515.A01.htseq","SI.Stem"
"1149","SRR5103098.A01.htseq","SI.Stem"
"386","SRR5103118.A01.htseq","SI.Enterocyte.Progenitor"
"1150","SRR5102727.A01.htseq","SI.Stem"
"164","SRR5103228.A01.htseq","SI.Early.Enterocyte"
"165","SRR5102413.A01.htseq","SI.Early.Enterocyte"
"429","SRR5103730.A01.htseq","SI.Enteroendocrine"
"1594","SRR5103594.A01.htseq","SI.TA.Cells"
"166","SRR5103844.A01.htseq","SI.Early.Enterocyte"
"1595","SRR5103508.A01.htseq","SI.TA.Cells"
"1656","NJA00109.A01.htseq","C.Colonocytes"
"1151","SRR5102575.A01.htseq","SI.Stem"
"1152","SRR5102628.A01.htseq","SI.Stem"
"631","NJA00102.E12.htseq","SI.Late.Enterocyte"
"167","SRR5102113.A01.htseq","SI.Early.Enterocyte"
"1596","SRR5102414.A01.htseq","SI.TA.Cells"
"1597","NJA00104.D05.htseq","SI.TA.Cells"
"1657","NJA00109.H07.htseq","C.Colonocytes"
"1153","SRR5102365.A01.htseq","SI.Stem"
"1762","NJA00109.G06.htseq","C.Stem"
"696","SRR5103261.A01.htseq","SI.Paneth"
"387","SRR5102401.A01.htseq","SI.Enterocyte.Progenitor"
"697","SRR5103688.A01.htseq","SI.Paneth"
"1598","SRR5103622.A01.htseq","SI.TA.Cells"
"1599","SRR5102960.A01.htseq","SI.TA.Cells"
"562","SRR5102724.A01.htseq","SI.Goblet"
"632","NJA00104.E04.htseq","SI.Late.Enterocyte"
"1154","SRR5102639.A01.htseq","SI.Stem"
"1600","SRR5102653.A01.htseq","SI.TA.Cells"
"1601","SRR5103432.A01.htseq","SI.TA.Cells"
"1602","NJA00102.B10.htseq","SI.TA.Cells"
"1155","SRR5102927.A01.htseq","SI.Stem"
"1603","SRR5102936.A01.htseq","SI.TA.Cells"
"1658","NJA00109.A12.htseq","C.Colonocytes"
"1156","SRR5102049.A01.htseq","SI.Stem"
"1157","SRR5102545.A01.htseq","SI.Stem"
"388","NJA00104.G12.htseq","SI.Enterocyte.Progenitor"
"698","SRR5103375.A01.htseq","SI.Paneth"
"1158","SRR5102718.A01.htseq","SI.Stem"
"1763","GFPneg.C1.Singlet.4.D3.htseq","C.Stem"
"168","SRR5103748.A01.htseq","SI.Early.Enterocyte"
"1858","SRR5102854.A01.htseq","SI.Tuft.Cells"
"389","SRR5103326.A01.htseq","SI.Enterocyte.Progenitor"
"169","SRR5103814.A01.htseq","SI.Early.Enterocyte"
"170","SRR5103796.A01.htseq","SI.Early.Enterocyte"
"1604","SRR5103786.A01.htseq","SI.TA.Cells"
"171","SRR5102461.A01.htseq","SI.Early.Enterocyte"
"1605","SRR5102423.A01.htseq","SI.TA.Cells"
"1606","SRR5103666.A01.htseq","SI.TA.Cells"
"1607","SRR5102817.A01.htseq","SI.TA.Cells"
"390","SRR5102510.A01.htseq","SI.Enterocyte.Progenitor"
"1697","GFPpos.C1.Singlet.4.B10.htseq","C.Goblet"
"1608","SRR5103693.A01.htseq","SI.TA.Cells"
"1889","NJA00102.H02.htseq","Blood.Cells"
"633","NJA00103.A09.htseq","SI.Late.Enterocyte"
"391","SRR5103777.A01.htseq","SI.Enterocyte.Progenitor"
"172","SRR5102137.A01.htseq","SI.Early.Enterocyte"
"1859","SRR5102909.A01.htseq","SI.Tuft.Cells"
"1159","SRR5103192.A01.htseq","SI.Stem"
"1860","SRR5103469.A01.htseq","SI.Tuft.Cells"
"173","SRR5103513.A01.htseq","SI.Early.Enterocyte"
"1609","SRR5103701.A01.htseq","SI.TA.Cells"
"699","SRR5103667.A01.htseq","SI.Paneth"
"563","SRR5103578.A01.htseq","SI.Goblet"
"1160","SRR5103133.A01.htseq","SI.Stem"
"1161","SRR5103363.A01.htseq","SI.Stem"
"1861","SRR5103481.A01.htseq","SI.Tuft.Cells"
"1610","SRR5102642.A01.htseq","SI.TA.Cells"
"1764","GFPneg.C1.Singlet.4.D2.htseq","C.Stem"
"1862","SRR5103259.A01.htseq","SI.Tuft.Cells"
"1863","SRR5102914.A01.htseq","SI.Tuft.Cells"
"1162","SRR5102810.A01.htseq","SI.Stem"
"392","SRR5102745.A01.htseq","SI.Enterocyte.Progenitor"
"393","SRR5102647.A01.htseq","SI.Enterocyte.Progenitor"
"634","GFPneg.SI1.Singlet.2.B4.htseq","SI.Late.Enterocyte"
"1163","SRR5103417.A01.htseq","SI.Stem"
"1164","NJA00104.C02.htseq","SI.Stem"
"1611","SRR5102698.A01.htseq","SI.TA.Cells"
"1612","SRR5103548.A01.htseq","SI.TA.Cells"
"1613","SRR5102965.A01.htseq","SI.TA.Cells"
"1165","SRR5102517.A01.htseq","SI.Stem"
"394","SRR5103235.A01.htseq","SI.Enterocyte.Progenitor"
"1765","SRR5103411.A01.htseq","C.Stem"
"174","SRR5103765.A01.htseq","SI.Early.Enterocyte"
"1614","SRR5102495.A01.htseq","SI.TA.Cells"
"395","SRR5103022.A01.htseq","SI.Enterocyte.Progenitor"
"1615","NJA00104.C12.htseq","SI.TA.Cells"
"1766","NJA00109.H03.htseq","C.Stem"
"1616","SRR5102379.A01.htseq","SI.TA.Cells"
"396","SRR5102626.A01.htseq","SI.Enterocyte.Progenitor"
"1166","SRR5102723.A01.htseq","SI.Stem"
"1617","NJA00104.H02.htseq","SI.TA.Cells"
"1618","NJA00104.E01.htseq","SI.TA.Cells"
"564","SRR5103784.A01.htseq","SI.Goblet"
"1890","GFPneg.SI1.Singlet.2.E1.htseq","Blood.Cells"
"565","SRR5102809.A01.htseq","SI.Goblet"
"1619","NJA00103.G11.htseq","SI.TA.Cells"
"1167","SRR5102872.A01.htseq","SI.Stem"
"1168","SRR5103044.A01.htseq","SI.Stem"
"397","SRR5102455.A01.htseq","SI.Enterocyte.Progenitor"
"1620","SRR5102952.A01.htseq","SI.TA.Cells"
"1621","SRR5103529.A01.htseq","SI.TA.Cells"
"1698","NJA00109.E01.htseq","C.Goblet"
"1622","SRR5102669.A01.htseq","SI.TA.Cells"
"1623","GFPneg.SI1.Singlet.2.F2.htseq","SI.TA.Cells"
"566","SRR5103009.A01.htseq","SI.Goblet"
"1169","SRR5103538.A01.htseq","SI.Stem"
"175","SRR5103338.A01.htseq","SI.Early.Enterocyte"
"1864","NJA00104.C04.htseq","SI.Tuft.Cells"
"1170","SRR5103381.A01.htseq","SI.Stem"
"1171","SRR5102716.A01.htseq","SI.Stem"
"1172","SRR5103054.A01.htseq","SI.Stem"
"1173","SRR5103769.A01.htseq","SI.Stem"
"1624","SRR5102480.A01.htseq","SI.TA.Cells"
"1625","SRR5102665.A01.htseq","SI.TA.Cells"
"1174","SRR5102540.A01.htseq","SI.Stem"
"398","SRR5103293.A01.htseq","SI.Enterocyte.Progenitor"
"430","SRR5102648.A01.htseq","SI.Enteroendocrine"
"176","SRR5103637.A01.htseq","SI.Early.Enterocyte"
"1626","SRR5103615.A01.htseq","SI.TA.Cells"
"1175","SRR5103059.A01.htseq","SI.Stem"
"1176","SRR5103711.A01.htseq","SI.Stem"
"567","SRR5103577.A01.htseq","SI.Goblet"
"177","SRR5102418.A01.htseq","SI.Early.Enterocyte"
"1627","SRR5103285.A01.htseq","SI.TA.Cells"
"1177","SRR5102136.A01.htseq","SI.Stem"
"1628","SRR5102700.A01.htseq","SI.TA.Cells"
"1178","SRR5102848.A01.htseq","SI.Stem"
"1865","SRR5102902.A01.htseq","SI.Tuft.Cells"
"700","SRR5102616.A01.htseq","SI.Paneth"
"178","SRR5102996.A01.htseq","SI.Early.Enterocyte"
"1179","SRR5102696.A01.htseq","SI.Stem"
"399","SRR5103296.A01.htseq","SI.Enterocyte.Progenitor"
"1629","SRR5102709.A01.htseq","SI.TA.Cells"
"1180","SRR5103229.A01.htseq","SI.Stem"
"1181","SRR5102425.A01.htseq","SI.Stem"
"400","SRR5103474.A01.htseq","SI.Enterocyte.Progenitor"
"1866","SRR5102908.A01.htseq","SI.Tuft.Cells"
"1867","SRR5103459.A01.htseq","SI.Tuft.Cells"
